0;2018-01-18 10:52:59.233;user-0;20;4;8;
1;2018-01-18 10:53:54.404;user-0;29;3;8;
2;2018-01-18 10:54:34.714;user-0;29;0;1;
3;2018-01-18 10:55:21.262;user-0;29;9;6;
4;2018-01-18 10:56:06.951;user-0;22;8;7;
5;2018-01-18 11:02:56.696;user-0;5;1;5;
6;2018-01-18 11:03:44.564;user-0;20;9;0;
7;2018-01-18 11:04:14.682;user-0;7;8;4;
8;2018-01-18 11:04:57.402;user-0;7;1;5;
9;2018-01-18 11:21:23.156;user-1;20;0;7;
10;2018-01-18 11:21:56.566;user-1;7;5;1;
11;2018-01-18 11:22:22.636;user-1;22;3;0;
12;2018-01-18 11:22:40.500;user-1;2;4;8;
13;2018-01-18 11:34:05.746;user-2;8;2;8;
14;2018-01-18 11:34:08.850;user-2;12;2;3;
15;2018-01-18 11:34:53.079;user-2;29;1;0;
16;2018-01-18 11:55:23.251;user-3;29;1;8;
17;2018-01-18 12:05:44.701;user-4;1;8;9;75214-79850-85041
18;2018-01-18 12:07:25.699;user-4;12;4;0;77192
19;2018-01-18 12:08:01.309;user-5;14;5;9;
20;2018-01-18 12:25:31.748;user-6;12;3;6;
21;2018-01-18 12:26:22.989;user-6;1;7;3;
22;2018-01-18 12:26:56.704;user-6;12;1;7;
23;2018-01-18 12:27:11.316;user-6;2;5;3;
24;2018-01-18 12:27:42.220;user-6;29;9;5;
25;2018-01-18 13:36:38.479;user-4;24;9;5;86191
26;2018-01-18 13:37:01.734;user-4;11;8;7;
27;2018-01-18 13:52:36.811;user-4;3;2;0;85654-84791-84496
28;2018-01-18 13:53:48.809;user-4;24;6;9;
29;2018-01-18 15:04:44.816;user-7;1;1;6;
30;2018-01-18 15:12:27.666;user-7;1;3;1;
31;2018-01-18 15:13:18.039;user-7;1;9;7;
32;2018-01-18 15:28:29.414;user-8;3;9;4;76466
33;2018-01-18 15:29:08.470;user-8;0;1;3;
34;2018-01-18 15:29:48.767;user-8;29;9;1;
35;2018-01-18 15:30:51.237;user-8;10;8;2;
36;2018-01-18 15:31:42.814;user-8;7;0;5;
37;2018-01-18 15:32:24.327;user-8;9;3;7;
38;2018-01-18 15:33:06.126;user-8;17;4;3;
39;2018-01-18 15:33:37.414;user-8;14;8;1;
40;2018-01-18 15:34:11.415;user-8;29;9;1;
41;2018-01-18 15:35:06.967;user-8;20;2;6;
42;2018-01-18 15:35:35.015;user-8;1;9;4;
43;2018-01-18 15:51:33.604;user-9;28;2;8;
44;2018-01-18 15:54:25.471;user-9;25;7;4;84235-84920
45;2018-01-18 15:55:54.491;user-9;29;8;3;
46;2018-01-18 15:57:27.503;user-9;8;1;5;
47;2018-01-18 16:00:57.213;user-10;5;3;8;
48;2018-01-18 16:03:33.070;user-9;7;6;0;
49;2018-01-18 16:03:56.364;user-9;11;8;4;
50;2018-01-18 16:04:07.464;user-10;14;2;4;
51;2018-01-18 16:04:51.032;user-10;13;6;2;84764
52;2018-01-18 16:05:53.594;user-10;29;2;7;
53;2018-01-18 16:06:27.193;user-10;24;4;6;
54;2018-01-18 17:00:31.896;user-11;7;8;7;
55;2018-01-18 17:01:35.973;user-11;8;9;4;
56;2018-01-18 17:02:20.422;user-11;25;5;4;
57;2018-01-18 17:02:46.057;user-11;22;3;2;
58;2018-01-18 17:03:45.410;user-11;17;2;5;
59;2018-01-18 17:04:29.036;user-11;20;6;2;
60;2018-01-18 17:05:03.699;user-11;29;2;0;
61;2018-01-18 17:06:03.835;user-11;19;8;4;
62;2018-01-18 17:06:34.934;user-11;8;7;2;
63;2018-01-18 17:07:13.651;user-11;20;3;5;
64;2018-01-18 17:07:43.868;user-11;22;9;2;
65;2018-01-18 17:08:05.255;user-11;12;4;9;
66;2018-01-18 17:08:26.787;user-11;1;4;3;
67;2018-01-18 17:09:04.057;user-11;2;9;6;
68;2018-01-18 17:09:43.108;user-11;8;1;2;
69;2018-01-18 17:10:24.271;user-11;29;0;9;
70;2018-01-18 17:11:46.550;user-11;7;9;7;
71;2018-01-18 17:12:20.540;user-11;7;9;1;
72;2018-01-18 17:13:32.344;user-11;11;5;1;
73;2018-01-18 17:13:52.884;user-11;22;4;9;
74;2018-01-18 17:14:26.402;user-11;9;3;5;
75;2018-01-18 17:14:58.734;user-11;28;3;4;
76;2018-01-18 17:15:49.573;user-11;20;1;9;
77;2018-01-18 17:15:49.875;user-11;29;3;0;
78;2018-01-18 17:16:13.859;user-11;29;1;2;
79;2018-01-18 17:16:35.402;user-11;15;2;6;
80;2018-01-18 17:17:07.598;user-11;8;1;8;
81;2018-01-18 17:17:22.389;user-11;28;4;8;
82;2018-01-18 17:17:44.213;user-11;22;4;7;
83;2018-01-18 17:18:03.662;user-11;12;6;5;
84;2018-01-18 17:18:18.959;user-11;29;8;9;
85;2018-01-18 17:40:17.468;user-12;8;5;6;
86;2018-01-18 17:43:21.784;user-12;3;5;1;84686
87;2018-01-18 18:36:33.819;user-13;3;3;0;
88;2018-01-18 18:38:29.585;user-14;11;5;7;
89;2018-01-18 18:40:10.208;user-14;10;3;5;79741-79768
90;2018-01-18 18:40:57.745;user-14;28;1;0;
91;2018-01-18 18:41:59.581;user-14;2;4;7;
92;2018-01-18 18:43:47.600;user-14;29;7;3;84008-69589
93;2018-01-18 18:44:55.688;user-14;22;3;5;
94;2018-01-18 18:45:48.869;user-14;29;8;7;85919
95;2018-01-18 18:48:02.918;user-15;29;8;7;
96;2018-01-18 18:48:05.318;user-15;21;9;2;
97;2018-01-18 21:04:00.939;user-16;29;1;4;
98;2018-01-18 21:04:40.287;user-16;21;3;2;
99;2018-01-18 21:05:06.961;user-16;17;6;3;
100;2018-01-18 21:05:52.236;user-16;25;3;9;
101;2018-01-18 21:06:02.650;user-16;29;9;4;
102;2018-01-18 21:06:13.482;user-16;2;0;2;
103;2018-01-18 21:06:33.267;user-16;20;8;2;
104;2018-01-18 21:06:47.572;user-16;7;2;0;
105;2018-01-18 21:07:05.535;user-16;6;2;8;
106;2018-01-18 21:07:23.483;user-16;11;1;7;
107;2018-01-18 21:08:04.542;user-16;17;6;9;
108;2018-01-18 21:08:35.625;user-16;12;5;2;
109;2018-01-18 21:09:14.625;user-16;5;0;7;
110;2018-01-18 21:09:20.714;user-16;8;4;0;
111;2018-01-18 21:09:49.051;user-16;11;1;4;
112;2018-01-18 21:10:00.542;user-16;15;3;2;
113;2018-01-18 21:10:05.511;user-16;29;7;5;
114;2018-01-18 21:10:34.878;user-16;8;3;0;
115;2018-01-18 21:10:38.894;user-16;22;9;1;
116;2018-01-18 21:10:42.970;user-16;29;4;6;
117;2018-01-18 21:10:47.129;user-16;7;8;1;
118;2018-01-18 21:10:52.947;user-16;15;8;7;
119;2018-01-18 21:11:14.124;user-16;0;2;8;
120;2018-01-18 21:11:22.092;user-16;14;5;3;
121;2018-01-18 21:11:31.205;user-16;19;7;5;
122;2018-01-18 21:11:33.686;user-16;12;1;8;
123;2018-01-18 21:11:37.899;user-16;3;2;0;
124;2018-01-18 21:11:52.328;user-16;12;7;9;
125;2018-01-18 21:11:56.361;user-16;28;2;4;
126;2018-01-18 21:11:59.496;user-16;20;6;9;
127;2018-01-18 21:12:03.400;user-16;24;5;4;
128;2018-01-18 21:12:06.764;user-16;19;7;1;
129;2018-01-18 21:12:19.238;user-16;5;8;6;
130;2018-01-18 21:12:32.132;user-16;0;3;2;
131;2018-01-18 21:12:35.720;user-16;12;5;9;
132;2018-01-18 21:12:49.554;user-16;12;6;3;
133;2018-01-18 21:12:54.771;user-16;25;0;5;
134;2018-01-18 21:13:07.453;user-16;12;1;4;
135;2018-01-18 21:13:11.892;user-16;7;3;5;
136;2018-01-18 21:13:14.918;user-16;10;6;1;
137;2018-01-18 21:13:17.190;user-16;7;7;8;
138;2018-01-18 21:13:19.264;user-16;29;4;0;
139;2018-01-18 21:13:21.525;user-16;3;2;9;
140;2018-01-18 21:13:24.677;user-16;24;7;9;
141;2018-01-18 21:13:27.403;user-16;12;6;8;
142;2018-01-18 21:13:37.633;user-16;12;7;2;
143;2018-01-18 21:13:40.633;user-16;29;3;7;
144;2018-01-18 21:13:41.469;user-16;7;2;0;
145;2018-01-18 21:13:45.103;user-16;15;5;3;
146;2018-01-18 21:13:48.260;user-16;7;2;4;
147;2018-01-18 21:13:50.976;user-16;24;2;7;
148;2018-01-18 21:13:52.523;user-16;17;6;1;
149;2018-01-18 21:13:55.588;user-16;2;7;3;
150;2018-01-18 21:13:57.691;user-16;29;1;8;
151;2018-01-18 21:14:00.116;user-16;20;6;7;
152;2018-01-18 21:14:03.191;user-16;1;3;9;
153;2018-01-18 21:14:07.953;user-16;7;6;9;
154;2018-01-18 21:14:09.446;user-16;28;7;0;
155;2018-01-18 21:14:10.717;user-16;12;0;6;
156;2018-01-18 21:14:13.525;user-16;3;6;5;
157;2018-01-18 21:14:17.232;user-16;19;6;1;
158;2018-01-18 21:14:19.819;user-16;2;6;3;
159;2018-01-18 21:14:22.451;user-16;24;7;8;
160;2018-01-18 21:14:25.047;user-16;29;3;7;
161;2018-01-18 21:14:27.282;user-16;8;3;8;
162;2018-01-18 21:14:29.237;user-16;8;5;2;
163;2018-01-18 21:14:31.666;user-16;20;0;1;
164;2018-01-18 21:14:40.536;user-16;0;1;8;
165;2018-01-18 21:14:45.168;user-16;21;7;0;
166;2018-01-18 21:14:47.767;user-16;28;3;5;
167;2018-01-18 21:14:49.917;user-16;26;0;8;
168;2018-01-18 21:14:53.412;user-16;6;5;7;
169;2018-01-18 21:14:55.246;user-16;10;5;6;
170;2018-01-18 21:14:56.931;user-16;7;9;5;
171;2018-01-18 21:14:59.368;user-16;9;9;8;
172;2018-01-18 21:15:01.282;user-16;12;0;2;
173;2018-01-18 21:15:02.844;user-16;24;2;7;
174;2018-01-18 21:15:03.187;user-16;7;3;6;
175;2018-01-18 21:15:03.429;user-16;29;8;6;
176;2018-01-18 21:15:03.791;user-16;29;6;2;
177;2018-01-18 21:15:04.356;user-16;29;2;3;
178;2018-01-18 21:15:04.794;user-16;21;5;1;
179;2018-01-18 21:15:05.163;user-16;8;3;9;
180;2018-01-18 21:15:05.613;user-16;8;3;2;
181;2018-01-18 21:15:05.958;user-16;4;0;1;
182;2018-01-18 21:15:06.431;user-16;5;0;9;
183;2018-01-18 21:15:06.684;user-16;24;9;0;
184;2018-01-18 21:15:07.283;user-16;11;7;9;
185;2018-01-18 21:15:07.551;user-16;29;1;4;
186;2018-01-18 21:15:07.888;user-16;8;7;4;
187;2018-01-18 21:15:08.658;user-16;8;1;0;
188;2018-01-18 21:15:08.930;user-16;7;9;7;
189;2018-01-18 21:15:09.254;user-16;8;7;0;
190;2018-01-18 21:15:09.957;user-16;24;7;2;
191;2018-01-18 21:15:10.418;user-16;29;3;7;
192;2018-01-18 21:15:10.678;user-16;15;1;6;
193;2018-01-18 21:15:11.426;user-16;20;5;4;
194;2018-01-18 21:15:11.712;user-16;0;8;2;
195;2018-01-18 21:15:12.108;user-16;22;5;1;
196;2018-01-18 21:15:12.350;user-16;29;3;1;
197;2018-01-18 21:15:13.238;user-16;20;0;4;
198;2018-01-18 21:15:13.492;user-16;19;5;0;
199;2018-01-18 21:15:13.726;user-16;1;8;9;
200;2018-01-18 21:15:13.983;user-16;14;3;0;
201;2018-01-18 21:15:14.677;user-16;10;1;2;
202;2018-01-18 21:15:16.501;user-16;8;6;0;
203;2018-01-18 21:15:16.850;user-16;24;0;4;
204;2018-01-18 21:15:17.455;user-16;29;4;0;
205;2018-01-18 21:15:17.748;user-16;1;6;0;
206;2018-01-18 21:15:17.967;user-16;29;5;7;
207;2018-01-18 21:15:18.212;user-16;20;7;0;
208;2018-01-18 21:15:18.993;user-16;20;1;7;
209;2018-01-18 21:15:19.385;user-16;6;2;1;
210;2018-01-18 21:15:19.670;user-16;3;8;1;
211;2018-01-18 21:15:19.888;user-16;20;5;3;
212;2018-01-18 21:15:20.890;user-16;25;2;9;
213;2018-01-18 21:15:21.127;user-16;24;5;8;
214;2018-01-18 21:15:21.563;user-16;5;1;0;
215;2018-01-18 21:15:21.804;user-16;1;3;1;
216;2018-01-18 21:15:22.582;user-16;14;0;5;
217;2018-01-18 21:15:22.794;user-16;12;9;3;
218;2018-01-18 21:15:23.135;user-16;12;2;9;
219;2018-01-18 21:15:23.399;user-16;7;8;3;
220;2018-01-18 21:15:24.164;user-16;4;5;2;
221;2018-01-18 21:15:24.408;user-16;10;6;9;
222;2018-01-18 21:15:24.686;user-16;12;3;6;
223;2018-01-18 21:15:24.915;user-16;22;0;1;
224;2018-01-18 21:15:25.735;user-16;10;3;9;
225;2018-01-18 21:15:26.038;user-16;20;2;8;
226;2018-01-18 21:15:26.359;user-16;29;8;2;
227;2018-01-18 21:15:26.863;user-16;14;4;0;
228;2018-01-18 21:15:31.905;user-16;29;7;5;
229;2018-01-18 21:15:32.098;user-16;20;3;4;
230;2018-01-18 21:15:32.289;user-16;8;8;0;
231;2018-01-18 21:15:33.122;user-16;29;0;8;
232;2018-01-18 21:15:33.377;user-16;25;2;3;
233;2018-01-18 21:15:33.628;user-16;1;1;4;
234;2018-01-18 23:08:05.449;user-17;25;6;5;
235;2018-01-18 23:08:51.766;user-17;29;8;9;
236;2018-01-18 23:09:32.320;user-17;29;4;6;
237;2018-01-18 23:10:15.725;user-17;12;9;7;
238;2018-01-18 23:10:57.391;user-17;10;6;8;
239;2018-01-18 23:11:05.292;user-17;29;4;5;
240;2018-01-18 23:11:20.306;user-17;17;0;4;
241;2018-01-18 23:11:25.545;user-17;20;6;1;
242;2018-01-18 23:11:34.552;user-17;12;9;3;
243;2018-01-18 23:11:50.127;user-17;8;4;5;
244;2018-01-18 23:12:09.245;user-17;28;8;9;
245;2018-01-18 23:12:14.288;user-17;7;1;2;
246;2018-01-18 23:12:43.118;user-17;20;7;4;
247;2018-01-18 23:12:58.789;user-17;19;2;1;
248;2018-01-18 23:13:03.132;user-17;8;6;9;
249;2018-01-18 23:13:07.964;user-17;17;3;4;
250;2018-01-18 23:13:10.959;user-17;6;0;2;
251;2018-01-18 23:13:16.624;user-17;29;8;3;
252;2018-01-18 23:13:22.946;user-17;4;1;2;
253;2018-01-18 23:13:25.984;user-17;12;3;7;
254;2018-01-18 23:13:29.079;user-17;22;8;2;
255;2018-01-18 23:13:31.698;user-17;17;6;4;
256;2018-01-18 23:13:38.144;user-17;29;8;1;
257;2018-01-18 23:13:42.169;user-17;1;6;9;
258;2018-01-18 23:13:46.553;user-17;17;6;3;
259;2018-01-18 23:13:50.750;user-17;19;9;5;
260;2018-01-18 23:13:59.292;user-17;12;5;2;
261;2018-01-18 23:14:02.816;user-17;29;5;1;
262;2018-01-18 23:14:05.996;user-17;26;0;9;
263;2018-01-18 23:14:10.370;user-17;3;7;8;
264;2018-01-18 23:14:17.006;user-17;5;3;1;
265;2018-01-18 23:14:20.692;user-17;7;9;1;
266;2018-01-18 23:14:31.174;user-17;22;4;7;
267;2018-01-18 23:14:34.686;user-17;12;3;0;
268;2018-01-18 23:14:36.854;user-17;24;4;1;
269;2018-01-18 23:14:38.224;user-17;1;6;2;
270;2018-01-18 23:14:39.906;user-17;20;9;1;
271;2018-01-18 23:14:42.199;user-17;8;5;1;
272;2018-01-18 23:14:43.014;user-17;2;5;0;
273;2018-01-18 23:14:44.583;user-17;7;3;7;
274;2018-01-18 23:14:47.092;user-17;7;2;0;
275;2018-01-18 23:14:50.494;user-17;8;3;6;
276;2018-01-18 23:14:52.527;user-17;8;3;2;
277;2018-01-18 23:14:55.842;user-17;7;1;5;
278;2018-01-18 23:14:57.757;user-17;14;9;8;
279;2018-01-18 23:15:00.124;user-17;10;9;7;
280;2018-01-18 23:15:02.241;user-17;12;8;3;
281;2018-01-18 23:15:04.160;user-17;1;2;5;
282;2018-01-18 23:15:05.427;user-17;21;6;5;
283;2018-01-18 23:15:07.387;user-17;1;5;9;
284;2018-01-18 23:15:08.838;user-17;17;2;0;
285;2018-01-18 23:15:11.407;user-17;24;6;2;
286;2018-01-18 23:15:13.725;user-17;7;4;9;
287;2018-01-18 23:15:15.227;user-17;25;2;7;
288;2018-01-18 23:15:23.581;user-17;12;2;5;
289;2018-01-18 23:15:26.094;user-17;7;8;3;
290;2018-01-18 23:15:29.110;user-17;24;2;4;
291;2018-01-18 23:15:31.743;user-17;5;0;1;
292;2018-01-18 23:15:33.599;user-17;7;5;0;
293;2018-01-18 23:15:35.641;user-17;24;9;3;
294;2018-01-18 23:15:39.293;user-17;20;0;1;
295;2018-01-18 23:15:42.313;user-17;8;2;7;
296;2018-01-18 23:15:43.318;user-17;7;8;1;
297;2018-01-18 23:15:45.130;user-17;7;7;3;
298;2018-01-18 23:15:45.829;user-17;1;0;7;
299;2018-01-18 23:15:46.723;user-17;29;6;7;
300;2018-01-18 23:15:47.693;user-17;7;9;3;
301;2018-01-18 23:15:48.502;user-17;25;8;6;
302;2018-01-18 23:15:49.193;user-17;29;1;6;
303;2018-01-18 23:15:49.851;user-17;15;0;1;
304;2018-01-18 23:15:50.732;user-17;21;9;2;
305;2018-01-18 23:15:51.356;user-17;17;5;4;
306;2018-01-18 23:15:51.847;user-17;1;9;7;
307;2018-01-18 23:15:52.747;user-17;7;7;4;
308;2018-01-18 23:15:53.382;user-17;6;6;5;
309;2018-01-18 23:15:54.199;user-17;2;6;2;
310;2018-01-18 23:15:54.763;user-17;0;8;1;
311;2018-01-18 23:15:55.384;user-17;29;5;0;
312;2018-01-18 23:15:55.915;user-17;19;1;5;
313;2018-01-18 23:15:56.747;user-17;10;4;1;
314;2018-01-18 23:15:57.208;user-17;7;9;6;
315;2018-01-18 23:15:57.886;user-17;20;5;2;
316;2018-01-18 23:15:58.406;user-17;20;7;3;
317;2018-01-18 23:15:59.199;user-17;7;6;9;
318;2018-01-18 23:15:59.732;user-17;7;2;4;
319;2018-01-18 23:16:00.293;user-17;29;6;0;
320;2018-01-18 23:16:01.057;user-17;11;6;3;
321;2018-01-18 23:16:01.598;user-17;2;5;8;
322;2018-01-18 23:16:02.162;user-17;28;3;7;
323;2018-01-18 23:16:02.729;user-17;1;5;3;
324;2018-01-18 23:16:03.431;user-17;28;3;5;
325;2018-01-18 23:16:04.044;user-17;12;3;6;
326;2018-01-18 23:16:05.329;user-17;21;6;1;
327;2018-01-18 23:16:06.122;user-17;20;3;5;
328;2018-01-18 23:16:06.718;user-17;12;2;7;
329;2018-01-18 23:16:07.621;user-17;19;8;9;
330;2018-01-18 23:16:08.392;user-17;0;3;2;
331;2018-01-18 23:16:09.238;user-17;1;6;0;
332;2018-01-18 23:16:09.778;user-17;0;3;1;
333;2018-01-18 23:16:10.428;user-17;20;7;3;
334;2018-01-18 23:16:11.787;user-17;20;9;7;
335;2018-01-18 23:16:12.281;user-17;26;2;5;
336;2018-01-18 23:16:12.776;user-17;8;8;1;
337;2018-01-18 23:16:13.152;user-17;14;5;8;
338;2018-01-18 23:16:13.763;user-17;22;1;6;
339;2018-01-18 23:16:14.740;user-17;17;4;2;
340;2018-01-18 23:16:15.698;user-17;27;2;3;
341;2018-01-18 23:16:18.124;user-17;17;5;1;
342;2018-01-18 23:16:18.808;user-17;2;7;0;
343;2018-01-18 23:16:19.459;user-17;12;6;1;
344;2018-01-18 23:16:20.030;user-17;12;2;0;
345;2018-01-18 23:16:20.614;user-17;17;7;6;
346;2018-01-18 23:16:21.752;user-17;11;7;3;
347;2018-01-18 23:16:22.306;user-17;12;8;4;
348;2018-01-18 23:16:23.326;user-17;20;1;9;
349;2018-01-18 23:16:23.924;user-17;29;2;4;
350;2018-01-18 23:16:24.828;user-17;28;2;1;
351;2018-01-18 23:16:25.306;user-17;12;7;2;
352;2018-01-18 23:16:26.064;user-17;4;1;2;
353;2018-01-18 23:16:26.921;user-17;2;8;0;
354;2018-01-18 23:16:27.623;user-17;20;4;2;
355;2018-01-18 23:16:31.523;user-17;10;2;0;
356;2018-01-18 23:16:32.121;user-17;15;0;1;
357;2018-01-18 23:16:32.714;user-17;14;4;9;
358;2018-01-18 23:16:33.837;user-17;22;5;9;
359;2018-01-18 23:16:34.256;user-17;22;1;3;
360;2018-01-18 23:16:39.063;user-17;29;0;7;
361;2018-01-18 23:16:39.679;user-17;29;6;1;
362;2018-01-18 23:16:40.310;user-17;14;0;3;
363;2018-01-18 23:16:40.523;user-17;17;6;3;
364;2018-01-18 23:16:41.490;user-17;19;0;7;
365;2018-01-18 23:16:41.887;user-17;8;0;5;
366;2018-01-18 23:16:42.778;user-17;19;0;9;
367;2018-01-18 23:16:42.975;user-17;22;5;3;
368;2018-01-18 23:16:43.436;user-17;29;0;8;
369;2018-01-19 08:26:34.977;user-18;7;9;4;
370;2018-01-19 08:27:08.195;user-18;12;9;8;
371;2018-01-19 08:27:52.658;user-18;29;0;7;
372;2018-01-19 08:28:29.300;user-18;29;5;0;
373;2018-01-19 08:28:57.928;user-18;7;0;3;
374;2018-01-19 08:29:36.903;user-18;29;3;7;
375;2018-01-19 08:30:04.769;user-18;5;0;2;
376;2018-01-19 08:30:25.359;user-18;10;8;4;
377;2018-01-19 08:31:14.262;user-18;7;6;2;
378;2018-01-19 08:31:54.611;user-18;2;8;1;
379;2018-01-19 08:32:28.015;user-18;10;1;2;
380;2018-01-19 08:32:45.916;user-18;20;9;7;
381;2018-01-19 08:33:14.765;user-18;29;2;3;69678
382;2018-01-19 08:33:49.399;user-18;29;3;7;84656-84693
383;2018-01-19 08:34:28.087;user-18;5;4;5;
384;2018-01-19 10:18:26.962;user-19;29;4;7;
385;2018-01-19 10:19:25.543;user-19;7;4;9;
386;2018-01-19 10:20:33.532;user-19;22;8;3;
387;2018-01-19 10:21:28.044;user-19;6;1;6;
388;2018-01-19 10:22:29.150;user-19;20;1;2;
389;2018-01-19 10:23:07.563;user-19;7;7;6;
390;2018-01-19 10:24:02.993;user-19;24;7;1;
391;2018-01-19 10:24:35.147;user-19;20;7;3;
392;2018-01-19 10:33:56.335;user-20;29;7;2;
393;2018-01-19 10:35:54.782;user-20;12;8;4;77192
394;2018-01-19 10:37:29.871;user-20;8;6;3;71502
395;2018-01-19 10:38:34.525;user-20;7;2;6;
396;2018-01-19 10:38:56.669;user-20;24;1;4;
397;2018-01-19 10:39:46.948;user-20;28;3;0;
398;2018-01-19 10:45:59.604;user-20;7;4;8;
399;2018-01-19 10:47:49.122;user-20;10;2;4;81579
400;2018-01-19 10:48:58.450;user-20;17;5;4;
401;2018-01-19 10:49:14.819;user-20;7;8;2;
402;2018-01-19 10:51:36.985;user-20;1;2;1;
403;2018-01-19 10:52:08.696;user-21;11;3;7;
404;2018-01-19 10:52:09.930;user-20;29;6;2;
405;2018-01-19 10:52:39.157;user-21;19;4;6;
406;2018-01-19 10:53:03.813;user-21;26;9;6;
407;2018-01-19 10:53:34.947;user-21;1;3;9;
408;2018-01-19 10:54:04.731;user-21;2;8;6;
409;2018-01-19 10:54:54.908;user-21;20;6;8;
410;2018-01-19 10:55:24.976;user-21;29;7;6;
411;2018-01-19 10:56:19.754;user-21;7;7;3;
412;2018-01-19 10:57:11.433;user-21;19;4;7;
413;2018-01-19 10:58:21.402;user-21;22;7;3;
414;2018-01-19 10:59:08.755;user-21;18;8;7;
415;2018-01-19 11:00:10.664;user-21;29;7;1;
416;2018-01-19 11:01:20.789;user-21;3;4;0;
417;2018-01-19 11:02:00.310;user-21;12;5;7;
418;2018-01-19 11:02:34.210;user-21;25;2;7;
419;2018-01-19 11:03:36.689;user-21;29;4;2;
420;2018-01-19 11:04:42.174;user-21;8;6;1;
421;2018-01-19 11:05:21.321;user-21;15;2;7;
422;2018-01-19 11:06:13.333;user-21;8;5;8;
423;2018-01-19 11:07:14.422;user-21;22;9;4;
424;2018-01-19 11:07:46.892;user-21;26;0;4;
425;2018-01-19 11:08:11.708;user-21;29;5;3;
426;2018-01-19 11:09:12.580;user-21;15;1;8;
427;2018-01-19 11:10:35.865;user-21;20;7;1;
428;2018-01-19 11:11:07.949;user-21;7;8;2;
429;2018-01-19 11:11:31.635;user-21;12;5;1;
430;2018-01-19 11:12:46.702;user-21;1;3;8;
431;2018-01-19 11:13:15.772;user-21;24;2;7;
432;2018-01-19 11:14:12.192;user-21;29;5;6;
433;2018-01-19 11:15:06.371;user-21;8;3;2;
434;2018-01-19 11:15:49.775;user-21;12;6;9;
435;2018-01-19 11:16:40.727;user-21;28;4;8;
436;2018-01-19 11:17:42.539;user-21;8;5;2;
437;2018-01-19 11:18:08.336;user-21;10;1;9;
438;2018-01-19 11:18:40.755;user-21;7;8;4;
439;2018-01-19 11:18:51.517;user-21;7;8;5;
440;2018-01-19 11:19:06.110;user-21;12;1;3;
441;2018-01-19 11:19:36.289;user-21;14;2;1;
442;2018-01-19 11:19:59.251;user-21;22;7;4;
443;2018-01-19 11:20:50.098;user-21;29;6;1;
444;2018-01-19 11:21:24.258;user-21;1;7;6;
445;2018-01-19 11:21:53.807;user-21;7;9;6;
446;2018-01-19 11:22:38.270;user-21;3;1;2;
447;2018-01-19 11:23:12.501;user-21;25;4;7;
448;2018-01-19 11:23:38.511;user-21;29;1;8;
449;2018-01-19 11:23:58.924;user-21;22;0;1;
450;2018-01-19 11:24:16.443;user-21;3;1;2;
451;2018-01-19 11:25:14.915;user-21;1;7;6;
452;2018-01-19 11:26:24.891;user-21;2;7;3;
453;2018-01-19 11:28:16.695;user-21;1;5;0;
454;2018-01-19 11:28:57.657;user-21;7;9;7;
455;2018-01-19 11:29:32.468;user-21;18;8;1;
456;2018-01-19 11:30:04.627;user-21;15;3;7;
457;2018-01-19 11:30:58.873;user-21;29;9;0;
458;2018-01-19 11:31:39.674;user-21;7;7;0;
459;2018-01-19 11:32:06.252;user-21;29;7;8;
460;2018-01-19 11:33:16.413;user-21;15;8;6;
461;2018-01-19 11:33:36.438;user-21;3;4;0;
462;2018-01-19 11:34:35.829;user-21;29;2;0;
463;2018-01-19 11:35:09.628;user-21;9;5;6;
464;2018-01-19 11:35:30.884;user-21;11;3;4;
465;2018-01-19 11:36:15.255;user-21;20;3;0;
466;2018-01-19 11:36:42.346;user-21;29;1;7;
467;2018-01-19 11:37:16.601;user-21;11;5;2;
468;2018-01-19 11:37:49.674;user-21;2;9;5;
469;2018-01-19 11:38:26.774;user-22;7;7;6;
470;2018-01-19 11:38:58.277;user-22;8;2;0;
471;2018-01-19 11:40:41.088;user-21;22;9;2;
472;2018-01-19 12:16:39.719;user-23;1;2;0;
473;2018-01-19 12:17:43.460;user-23;7;4;8;
474;2018-01-19 12:39:58.016;user-24;27;5;2;
475;2018-01-19 12:41:26.920;user-24;29;4;9;
476;2018-01-19 12:42:29.727;user-24;22;2;4;
477;2018-01-19 12:42:57.365;user-24;11;6;7;
478;2018-01-19 12:43:30.828;user-24;22;2;4;
479;2018-01-19 12:44:27.191;user-24;7;5;1;
480;2018-01-19 12:45:04.588;user-24;9;9;0;
481;2018-01-19 12:45:32.627;user-24;29;3;2;
482;2018-01-19 12:46:18.130;user-24;6;9;2;
483;2018-01-19 12:46:46.976;user-24;17;7;2;
484;2018-01-19 12:47:21.357;user-24;1;3;4;
485;2018-01-19 12:47:47.085;user-24;4;2;1;
486;2018-01-19 12:47:59.712;user-24;8;7;3;
487;2018-01-19 12:48:29.062;user-24;22;7;1;
488;2018-01-19 12:48:47.079;user-24;19;9;5;
489;2018-01-19 12:49:13.234;user-24;19;6;9;
490;2018-01-19 12:49:30.526;user-24;8;6;2;
491;2018-01-19 12:49:37.700;user-24;22;3;1;
492;2018-01-19 12:49:47.148;user-24;29;8;7;
493;2018-01-19 12:50:08.967;user-24;12;6;0;
494;2018-01-19 12:50:37.466;user-24;24;4;9;
495;2018-01-19 12:51:01.838;user-24;27;4;5;
496;2018-01-19 12:51:22.068;user-24;29;8;3;
497;2018-01-19 12:51:35.918;user-24;22;6;7;
498;2018-01-19 12:51:45.210;user-24;7;0;6;
499;2018-01-19 12:51:57.003;user-24;20;7;0;
500;2018-01-19 12:52:14.768;user-24;19;9;8;
501;2018-01-19 12:59:52.705;user-23;11;8;4;
502;2018-01-19 13:01:39.712;user-23;12;8;6;
503;2018-01-19 13:02:23.930;user-23;7;9;0;
504;2018-01-19 13:02:53.524;user-23;29;3;5;
505;2018-01-19 13:03:26.752;user-23;28;9;7;
506;2018-01-19 13:52:25.859;user-25;29;8;9;
507;2018-01-19 13:52:36.931;user-25;10;3;1;
508;2018-01-19 13:52:59.810;user-25;7;9;3;
509;2018-01-19 13:53:19.362;user-25;25;1;0;
510;2018-01-19 13:53:41.171;user-25;20;2;1;
511;2018-01-19 15:06:53.625;user-23;12;6;8;
512;2018-01-19 15:25:19.208;user-26;3;7;3;
513;2018-01-19 15:25:35.294;user-26;8;3;1;
514;2018-01-19 15:50:16.463;user-27;2;8;2;83853-69581-86315
515;2018-01-19 15:51:13.360;user-27;19;8;7;
516;2018-01-19 15:51:51.548;user-27;8;0;7;
517;2018-01-19 15:52:13.606;user-27;24;7;9;
518;2018-01-19 15:53:18.701;user-27;3;3;8;69578-84499
519;2018-01-19 15:53:48.021;user-27;7;1;3;
520;2018-01-19 15:54:17.707;user-27;17;3;5;
521;2018-01-19 15:54:34.900;user-27;7;1;9;
522;2018-01-19 15:55:02.176;user-27;11;3;8;69725
523;2018-01-19 15:55:26.017;user-27;7;2;3;
524;2018-01-19 15:55:47.874;user-27;15;2;6;71121
525;2018-01-19 15:56:05.295;user-27;14;9;2;
526;2018-01-19 15:56:17.736;user-27;28;4;8;
527;2018-01-19 15:56:44.509;user-27;1;4;8;75214
528;2018-01-19 15:57:11.281;user-27;13;1;5;69652
529;2018-01-19 15:57:38.601;user-27;11;5;7;
530;2018-01-19 15:57:55.967;user-27;12;6;0;
531;2018-01-19 15:58:16.496;user-27;21;7;2;80410
532;2018-01-19 15:58:31.565;user-27;7;6;0;
533;2018-01-19 15:58:59.858;user-27;4;2;1;83866-76919
534;2018-01-19 15:59:28.253;user-27;4;1;0;69938-76919
535;2018-01-19 15:59:45.548;user-27;4;1;0;69938-76919
536;2018-01-19 15:59:58.784;user-27;2;0;8;
537;2018-01-19 16:00:26.107;user-27;29;2;1;69678
538;2018-01-19 16:04:39.298;user-27;28;6;4;
539;2018-01-19 16:05:05.889;user-27;5;9;8;
540;2018-01-19 16:05:35.447;user-27;20;1;6;
541;2018-01-19 16:05:57.517;user-27;29;8;9;
542;2018-01-19 16:06:11.588;user-27;28;9;6;
543;2018-01-19 16:06:32.953;user-27;25;6;1;73684-69613
544;2018-01-19 16:06:51.475;user-27;20;2;0;
545;2018-01-19 16:07:09.462;user-27;7;0;3;
546;2018-01-19 16:07:19.696;user-27;6;7;9;
547;2018-01-19 16:07:38.843;user-27;20;7;4;
548;2018-01-19 16:07:51.772;user-27;12;9;1;
549;2018-01-19 16:08:01.973;user-27;28;6;4;
550;2018-01-19 16:08:22.360;user-27;3;5;2;
551;2018-01-19 16:08:48.688;user-27;2;8;5;69581
552;2018-01-19 16:09:00.212;user-27;29;9;2;
553;2018-01-19 16:09:11.339;user-27;29;0;3;
554;2018-01-19 16:09:32.250;user-27;19;6;7;
555;2018-01-19 16:12:00.856;user-27;8;3;4;69918-69939-69597
556;2018-01-19 16:12:07.229;user-27;22;8;0;
557;2018-01-19 16:12:12.258;user-27;2;6;3;
558;2018-01-19 16:12:22.022;user-27;12;7;3;
559;2018-01-19 16:12:32.390;user-27;1;4;0;75214
560;2018-01-19 16:12:47.010;user-27;15;7;5;69652
561;2018-01-19 18:02:07.194;user-28;3;2;6;84791-84496
562;2018-01-19 18:03:26.317;user-28;12;0;3;
563;2018-01-19 18:05:11.627;user-28;11;1;4;72745
564;2018-01-19 18:06:41.344;user-28;24;0;7;
565;2018-01-19 18:07:47.912;user-28;29;2;8;69678
566;2018-01-20 08:48:07.412;user-29;4;2;5;
567;2018-01-20 08:48:14.749;user-29;14;0;7;
568;2018-01-20 19:11:51.055;user-23;29;7;0;
569;2018-01-20 23:56:53.476;user-30;4;0;2;
570;2018-01-21 12:47:02.853;user-31;1;0;4;
571;2018-01-21 12:50:11.128;user-31;7;5;3;
572;2018-01-21 12:50:38.055;user-31;17;8;6;
573;2018-01-21 12:51:52.575;user-31;29;5;3;
574;2018-01-21 12:53:00.930;user-31;24;0;1;
575;2018-01-21 12:53:11.876;user-31;1;0;7;
576;2018-01-21 12:53:52.278;user-31;29;0;8;
577;2018-01-21 12:54:21.573;user-31;29;8;1;
578;2018-01-21 12:54:44.221;user-31;10;4;9;
579;2018-01-21 12:55:19.800;user-31;4;2;0;
580;2018-01-21 12:57:14.049;user-31;20;4;3;
581;2018-01-21 12:57:40.656;user-31;8;1;5;
582;2018-01-21 12:59:13.835;user-31;8;7;0;
583;2018-01-21 13:00:18.178;user-31;5;3;7;
584;2018-01-21 22:04:18.398;user-32;22;3;4;
585;2018-01-21 22:04:49.961;user-32;24;2;6;
586;2018-01-21 22:07:10.482;user-32;29;5;8;
587;2018-01-21 22:07:50.244;user-32;7;5;2;
588;2018-01-21 22:08:09.570;user-32;17;0;9;
589;2018-01-21 22:08:54.659;user-32;29;8;6;85919
590;2018-01-21 22:09:36.581;user-32;16;8;1;
591;2018-01-21 22:10:12.429;user-32;7;9;5;86314
592;2018-01-21 22:10:53.215;user-32;10;4;7;69740
593;2018-01-22 09:12:02.541;user-4;22;7;9;84642-85364-84709
594;2018-01-22 21:46:58.269;user-19;29;8;7;
595;2018-01-22 21:48:37.849;user-19;8;1;5;
596;2018-01-22 21:48:50.995;user-19;7;0;1;
597;2018-01-22 21:50:28.356;user-19;7;5;0;
598;2018-01-22 21:51:40.808;user-19;4;0;2;
599;2018-01-22 21:53:36.379;user-19;20;5;9;
600;2018-01-22 21:54:38.273;user-19;28;7;4;
601;2018-01-22 21:56:19.080;user-19;11;8;6;
602;2018-01-23 08:58:28.608;user-4;23;4;6;
603;2018-01-23 08:59:48.742;user-4;17;7;5;
604;2018-01-23 10:53:46.748;user-33;6;0;1;
605;2018-01-23 10:53:56.357;user-33;28;5;0;
606;2018-01-25 10:23:11.603;user-34;12;5;3;
607;2018-01-25 10:24:50.026;user-34;3;1;0;
608;2018-01-25 10:26:13.981;user-34;17;0;9;
609;2018-01-25 10:27:11.748;user-34;7;5;8;
610;2018-01-25 10:27:54.463;user-34;24;3;8;
611;2018-01-25 10:28:37.737;user-34;10;6;5;
612;2018-01-25 10:29:34.375;user-34;29;4;2;
613;2018-01-25 10:30:09.321;user-34;17;9;2;
614;2018-01-25 10:30:20.460;user-34;7;6;3;
615;2018-01-25 10:30:47.442;user-34;29;2;5;
616;2018-01-25 10:31:33.963;user-34;12;1;7;
617;2018-01-25 10:32:12.405;user-34;1;8;6;
618;2018-01-25 10:32:43.663;user-34;29;4;8;
619;2018-01-25 10:33:06.089;user-34;20;2;4;
620;2018-01-25 10:33:53.419;user-34;1;2;7;
621;2018-01-25 10:35:04.852;user-34;29;4;0;
622;2018-01-25 10:35:48.885;user-34;14;0;6;
623;2018-01-25 10:37:16.191;user-34;24;4;8;
624;2018-01-25 10:38:37.461;user-34;19;1;4;
625;2018-01-25 10:39:13.220;user-34;12;4;2;
626;2018-01-25 10:39:40.723;user-34;17;1;5;
627;2018-01-25 21:57:13.901;user-35;10;9;2;69674-80480-79768
628;2018-01-25 21:58:17.801;user-35;20;3;5;
629;2018-01-25 22:02:06.440;user-35;1;6;4;75270
630;2018-01-25 22:02:33.283;user-35;7;3;7;
631;2018-01-25 22:03:23.394;user-35;17;4;8;80381
632;2018-01-25 22:04:08.085;user-35;15;2;0;71121
633;2018-01-25 22:05:06.503;user-35;9;5;9;
634;2018-01-25 22:05:51.728;user-35;1;1;9;77504
635;2018-01-25 22:06:28.658;user-35;7;8;7;
636;2018-01-26 05:53:30.138;user-36;8;5;4;
637;2018-01-26 05:54:10.975;user-36;17;9;4;
638;2018-01-26 05:54:38.909;user-36;29;9;5;
639;2018-01-26 05:55:09.685;user-36;24;3;4;
640;2018-01-26 05:55:33.642;user-36;0;8;3;
641;2018-01-26 05:56:06.379;user-36;24;2;1;69564-69312
642;2018-01-26 05:56:33.942;user-36;7;0;2;68839
643;2018-01-26 05:57:02.083;user-36;14;4;2;
644;2018-01-26 05:57:25.394;user-36;29;2;3;
645;2018-01-26 05:57:39.510;user-36;7;2;1;
646;2018-01-26 05:58:02.728;user-36;8;2;4;
647;2018-01-26 05:58:20.055;user-36;8;7;1;
648;2018-01-26 05:58:35.035;user-36;12;4;3;
649;2018-01-26 05:58:53.495;user-36;10;5;2;
650;2018-01-26 05:58:57.877;user-36;3;5;3;
651;2018-01-26 05:59:07.350;user-36;22;2;6;
652;2018-02-01 18:37:12.678;user-37;6;3;5;
653;2018-02-01 18:38:04.638;user-37;28;6;4;
654;2018-02-01 18:40:13.130;user-37;8;5;4;71233-71101
655;2018-02-01 18:41:25.823;user-37;8;5;3;71233-71101
656;2018-02-02 11:59:27.103;user-38;20;3;6;
657;2018-02-02 12:03:47.818;user-38;3;8;5;
658;2018-02-02 12:07:55.527;user-23;12;9;4;
659;2018-02-02 12:08:40.186;user-23;22;4;0;
660;2018-02-02 12:09:05.988;user-23;28;6;7;
661;2018-02-02 12:09:45.891;user-23;7;0;5;
662;2018-02-02 12:10:17.912;user-23;12;9;6;
663;2018-02-02 12:10:56.189;user-23;6;3;0;
664;2018-02-02 12:11:32.808;user-23;12;2;0;
665;2018-02-02 12:12:08.708;user-23;10;0;4;
666;2018-02-02 15:23:55.741;user-39;13;1;4;69652
667;2018-02-02 15:24:38.801;user-39;29;9;3;
668;2018-02-02 15:25:04.336;user-39;7;9;1;
669;2018-02-02 15:25:36.665;user-39;3;6;1;84085-69712
670;2018-02-02 15:25:56.647;user-39;8;1;9;
671;2018-02-02 15:26:21.874;user-39;20;8;4;
672;2018-02-02 15:26:52.397;user-39;12;1;0;
673;2018-02-02 15:27:19.466;user-39;22;9;7;
674;2018-02-02 15:27:44.918;user-39;1;2;8;85091-69640
675;2018-02-02 15:28:13.542;user-39;12;7;8;
676;2018-02-02 15:28:32.076;user-39;29;8;4;
677;2018-02-02 15:28:49.722;user-39;7;5;3;
678;2018-02-02 15:29:25.656;user-39;0;1;3;
679;2018-02-02 15:29:42.287;user-39;14;3;9;
680;2018-02-02 15:30:00.835;user-39;7;1;6;
681;2018-02-02 15:30:11.717;user-39;12;7;0;
682;2018-02-02 15:30:29.268;user-39;2;9;8;69611
683;2018-02-02 15:30:41.686;user-39;16;8;4;
684;2018-02-02 15:31:07.152;user-39;24;4;5;
685;2018-02-02 15:32:09.433;user-39;10;0;5;69724
686;2018-02-03 10:08:54.614;user-40;22;6;9;
687;2018-02-03 10:10:51.946;user-40;2;9;0;
688;2018-02-03 10:12:17.856;user-40;7;4;2;
689;2018-02-03 10:13:11.003;user-40;3;6;0;
690;2018-02-03 10:14:08.609;user-40;8;9;3;
691;2018-02-03 10:14:56.273;user-40;7;7;9;
692;2018-02-03 10:15:55.675;user-40;29;6;0;
693;2018-02-03 10:17:29.000;user-40;19;0;7;
694;2018-02-03 10:18:07.465;user-40;11;5;7;
695;2018-02-03 10:18:40.008;user-40;17;0;2;
696;2018-02-03 10:19:11.760;user-40;1;2;7;
697;2018-02-03 10:19:50.361;user-40;8;7;5;
698;2018-02-03 10:20:19.223;user-40;24;9;0;
699;2018-02-03 10:20:46.577;user-40;12;2;0;
700;2018-02-03 10:21:07.376;user-40;8;1;6;
701;2018-02-03 10:21:43.480;user-40;29;9;7;
702;2018-02-03 10:22:11.825;user-40;7;9;6;
703;2018-02-03 10:22:27.775;user-40;12;0;6;
704;2018-02-03 10:22:36.607;user-40;17;2;4;
705;2018-02-03 10:23:05.632;user-40;14;7;4;
706;2018-02-03 10:23:39.119;user-40;7;5;0;
707;2018-02-03 10:24:17.422;user-40;19;4;9;
708;2018-02-03 10:24:36.374;user-40;1;0;8;
709;2018-02-03 10:24:57.048;user-40;28;1;4;
710;2018-02-03 10:25:17.270;user-40;29;6;7;
711;2018-02-03 10:25:33.606;user-40;2;1;2;
712;2018-02-03 10:25:57.055;user-40;22;8;6;
713;2018-02-03 10:26:23.173;user-40;29;6;0;
714;2018-02-03 10:26:37.831;user-40;21;3;0;
715;2018-02-03 10:27:03.925;user-40;29;0;6;
716;2018-02-03 10:27:29.271;user-40;17;5;8;
717;2018-02-03 10:28:13.975;user-40;20;1;0;
718;2018-02-03 10:28:59.102;user-40;6;1;0;
719;2018-02-03 10:29:17.333;user-40;29;2;1;
720;2018-02-13 08:13:24.268;user-41;27;6;3;
721;2018-02-13 08:14:03.034;user-41;13;7;0;
722;2018-02-13 08:14:36.694;user-41;13;7;2;
723;2018-02-13 08:15:10.235;user-41;19;2;3;
724;2018-02-13 08:15:31.530;user-41;16;3;5;
725;2018-02-13 08:15:42.182;user-41;23;2;9;
726;2018-02-13 08:16:10.303;user-41;13;0;9;
727;2018-02-13 08:16:34.260;user-41;23;5;0;
728;2018-02-13 08:17:04.069;user-41;5;6;2;
729;2018-02-13 08:17:17.662;user-41;18;1;0;
730;2018-03-03 10:38:55.926;user-42;21;4;8;
731;2018-03-03 10:39:55.415;user-42;23;9;0;
732;2018-03-03 10:40:36.021;user-42;27;9;6;
733;2018-03-03 10:40:44.260;user-43;26;3;4;
734;2018-03-03 10:41:12.316;user-42;11;0;2;
735;2018-03-03 10:42:08.592;user-42;6;4;8;
736;2018-03-03 10:42:35.020;user-44;9;0;2;
737;2018-03-03 10:42:35.980;user-43;21;4;8;
738;2018-03-03 10:43:39.973;user-45;16;0;5;
739;2018-03-03 10:43:46.645;user-45;13;9;5;
740;2018-03-03 10:43:53.095;user-43;9;1;4;
741;2018-03-03 10:44:09.311;user-43;26;8;3;
742;2018-03-03 10:44:36.959;user-43;18;4;5;
743;2018-03-03 10:44:58.951;user-43;9;1;8;
744;2018-03-03 10:45:10.736;user-43;18;3;7;
745;2018-03-03 10:45:14.688;user-43;16;2;9;
746;2018-03-03 10:45:28.736;user-43;27;9;4;
747;2018-03-03 10:46:20.000;user-45;9;2;8;85135-85562-75551-76247-
748;2018-03-03 10:46:34.975;user-43;18;4;6;
749;2018-03-03 10:46:46.967;user-43;13;3;4;
750;2018-03-03 10:46:59.353;user-43;16;1;2;
751;2018-03-03 10:47:14.576;user-43;13;3;8;
752;2018-03-03 10:47:24.975;user-45;26;7;1;83171-
753;2018-03-03 10:47:29.071;user-43;18;6;5;
754;2018-03-03 10:47:59.316;user-45;26;2;1;
755;2018-03-03 10:48:00.332;user-43;23;6;4;
756;2018-03-03 10:48:08.781;user-43;23;2;1;
757;2018-03-03 10:48:32.530;user-43;16;4;0;
758;2018-03-03 10:49:52.427;user-43;16;6;3;69460-
759;2018-03-03 10:50:41.399;user-43;26;5;6;
760;2018-03-03 10:50:56.068;user-43;23;8;1;86274-
761;2018-03-03 10:51:22.451;user-43;9;6;7;
762;2018-03-03 10:51:55.835;user-43;11;9;0;69613-
763;2018-03-03 10:57:10.999;user-43;18;2;3;69722-
764;2018-03-03 10:57:21.631;user-43;16;7;6;
765;2018-03-03 10:57:39.727;user-43;18;0;2;69941-
766;2018-03-03 10:58:01.561;user-43;23;5;3;
767;2018-03-03 10:58:31.677;user-43;23;8;3;86274-
768;2018-03-03 10:58:41.296;user-43;27;1;7;
769;2018-03-03 10:58:59.231;user-43;27;0;8;69367-
770;2018-03-03 10:59:07.367;user-43;27;7;1;
771;2018-03-03 10:59:21.043;user-43;16;7;9;
772;2018-03-03 10:59:33.382;user-43;27;0;8;
773;2018-03-04 11:55:05.555;user-46;29;5;3;
774;2018-03-04 11:55:35.230;user-46;14;6;4;
775;2018-03-04 11:56:00.575;user-46;28;3;9;
776;2018-03-04 13:46:47.867;user-46;25;4;0;
777;2018-03-04 13:47:47.647;user-46;18;7;9;
778;2018-03-04 13:48:02.542;user-46;4;1;5;
779;2018-03-04 13:48:28.803;user-46;9;6;4;
780;2018-03-04 13:48:44.212;user-46;21;8;6;
781;2018-03-04 13:49:02.613;user-46;15;7;8;
782;2018-03-04 13:49:24.038;user-46;0;2;3;
783;2018-03-04 13:50:00.769;user-46;11;0;9;
784;2018-03-04 13:50:06.448;user-46;3;7;3;
785;2018-03-04 13:50:12.413;user-46;23;7;6;
786;2018-03-04 13:50:18.078;user-46;4;0;5;
787;2018-03-04 13:50:33.258;user-46;25;6;0;
788;2018-03-04 13:50:36.812;user-46;15;5;2;
789;2018-03-04 13:50:40.121;user-46;15;3;8;
790;2018-03-04 13:50:47.236;user-46;10;0;7;
791;2018-03-04 13:50:56.011;user-46;18;9;8;
792;2018-03-04 13:51:00.960;user-46;14;4;6;
793;2018-03-04 13:51:03.752;user-46;6;8;5;
794;2018-03-04 13:51:06.836;user-46;10;8;3;
795;2018-03-04 13:51:10.342;user-46;3;6;4;
796;2018-03-04 13:51:12.923;user-46;6;9;4;
797;2018-03-04 13:51:18.816;user-46;5;4;0;
798;2018-03-04 13:51:24.749;user-46;6;6;8;
799;2018-03-04 13:52:06.213;user-46;11;0;9;
800;2018-03-04 17:42:59.011;user-47;19;3;4;
801;2018-03-05 00:37:57.070;user-48;13;8;4;
802;2018-03-05 00:38:55.943;user-48;5;7;5;
803;2018-03-05 00:39:30.603;user-48;2;4;1;
804;2018-03-05 18:30:07.155;user-49;9;5;4;
805;2018-03-05 18:30:43.028;user-49;19;8;7;
806;2018-03-05 18:31:21.471;user-49;5;4;9;
807;2018-03-05 18:31:38.881;user-49;26;5;8;
808;2018-03-05 18:32:05.122;user-49;4;5;2;
809;2018-03-05 18:32:22.971;user-49;13;9;1;
810;2018-03-05 18:33:35.560;user-49;16;7;1;
811;2018-03-05 18:34:36.517;user-49;27;7;2;
812;2018-03-05 18:34:51.207;user-49;27;9;2;
813;2018-03-05 18:35:55.786;user-49;25;3;8;84235-
814;2018-03-05 18:36:50.778;user-49;9;2;1;
815;2018-03-05 18:37:23.669;user-49;14;6;5;
816;2018-03-05 19:49:44.492;user-50;28;2;9;
817;2018-03-05 19:50:56.851;user-50;23;2;3;
818;2018-03-05 19:51:56.323;user-50;0;3;2;
819;2018-03-05 19:52:24.178;user-50;4;5;1;
820;2018-03-05 19:52:56.377;user-50;6;9;4;
821;2018-03-05 19:53:30.228;user-50;14;8;5;
822;2018-03-05 19:53:55.732;user-50;4;2;1;
823;2018-03-05 19:54:21.737;user-50;21;9;5;
824;2018-03-05 19:54:37.871;user-50;21;6;4;
825;2018-03-05 19:54:41.386;user-50;10;8;1;
826;2018-03-05 19:54:44.134;user-50;16;0;1;
827;2018-03-05 19:54:47.291;user-50;5;6;4;
828;2018-03-05 19:54:50.255;user-50;23;7;8;
829;2018-03-05 19:54:54.265;user-50;16;0;2;
830;2018-03-05 19:54:58.601;user-50;18;0;7;
831;2018-03-05 19:55:04.791;user-50;9;4;3;
832;2018-03-05 19:55:14.692;user-50;13;8;5;
833;2018-03-05 19:55:15.140;user-50;15;2;5;
834;2018-03-05 19:55:18.419;user-50;28;8;1;
835;2018-03-05 19:55:21.353;user-50;21;3;0;
836;2018-03-05 19:55:35.787;user-50;19;4;7;
837;2018-03-05 19:55:39.055;user-50;11;6;0;
838;2018-03-05 19:55:44.220;user-50;3;7;5;
839;2018-03-05 19:55:47.257;user-50;23;5;1;
840;2018-03-05 19:55:51.724;user-50;11;1;2;
841;2018-03-05 19:55:59.684;user-50;26;2;6;
842;2018-03-05 19:56:02.662;user-50;24;8;5;
843;2018-03-05 19:56:04.631;user-50;21;5;2;
844;2018-03-05 19:56:07.727;user-50;18;6;5;
845;2018-03-05 19:56:10.034;user-50;14;4;0;
846;2018-03-05 19:56:12.174;user-50;21;1;8;
847;2018-03-05 19:56:14.508;user-50;11;6;0;
848;2018-03-05 19:56:16.915;user-50;15;7;0;
849;2018-03-05 19:56:18.640;user-50;4;5;0;
850;2018-03-05 19:56:21.381;user-50;26;6;3;
851;2018-03-05 19:56:21.796;user-50;5;2;9;
852;2018-03-05 19:56:23.381;user-50;23;6;7;
853;2018-03-05 19:56:25.178;user-50;5;0;9;
854;2018-03-05 19:56:26.529;user-50;25;6;0;
855;2018-03-05 19:56:27.999;user-50;5;5;7;
856;2018-03-05 19:56:30.385;user-50;5;4;5;
857;2018-03-05 19:56:32.091;user-50;9;0;3;
858;2018-03-05 19:56:34.619;user-50;19;2;3;
859;2018-03-05 19:56:38.466;user-50;0;3;1;
860;2018-03-05 19:56:40.669;user-50;13;0;3;
861;2018-03-05 19:56:42.931;user-50;20;9;8;
862;2018-03-05 19:56:44.537;user-50;14;9;6;
863;2018-03-05 19:56:47.088;user-50;16;1;6;
864;2018-03-05 19:56:48.536;user-50;27;6;8;
865;2018-03-05 19:56:50.841;user-50;6;5;7;
866;2018-03-05 19:56:53.478;user-50;16;3;0;
867;2018-03-05 19:56:55.458;user-50;16;7;5;
868;2018-03-05 19:56:57.773;user-50;4;5;0;
869;2018-03-05 19:57:28.664;user-50;17;8;9;
870;2018-03-05 19:57:31.147;user-50;0;3;8;
871;2018-03-05 19:57:33.602;user-50;17;4;3;
872;2018-03-05 19:57:35.238;user-50;2;5;8;
873;2018-03-05 19:57:37.184;user-50;23;7;8;
874;2018-03-05 19:57:37.645;user-50;0;1;2;
875;2018-03-05 19:57:39.317;user-50;21;0;7;
876;2018-03-05 19:57:41.550;user-50;18;6;9;
877;2018-03-05 19:57:43.296;user-50;10;3;0;
878;2018-03-05 19:57:45.570;user-50;3;7;4;
879;2018-03-05 19:57:47.081;user-50;0;1;2;
880;2018-03-05 19:57:48.594;user-50;0;2;1;
881;2018-03-05 19:57:51.577;user-50;26;2;7;
882;2018-03-05 19:57:54.141;user-50;18;3;8;
883;2018-03-05 19:57:56.531;user-50;27;8;9;
884;2018-03-05 19:57:58.773;user-50;13;6;7;
885;2018-03-05 19:58:04.475;user-50;9;9;6;
886;2018-03-05 19:58:06.255;user-50;3;7;9;
887;2018-03-05 19:58:07.655;user-50;6;3;6;
888;2018-03-05 19:58:08.975;user-50;19;1;0;
889;2018-03-05 19:58:19.271;user-50;13;9;5;
890;2018-03-05 19:58:20.651;user-50;18;5;7;
891;2018-03-05 19:58:23.035;user-50;21;1;8;
892;2018-03-05 19:58:25.684;user-50;9;5;7;
893;2018-03-05 19:58:28.373;user-50;5;6;1;
894;2018-03-05 19:58:32.321;user-50;3;0;8;
895;2018-03-05 19:58:35.202;user-50;1;4;5;
896;2018-03-06 10:27:02.922;user-51;5;8;3;
897;2018-03-06 10:27:50.439;user-51;22;9;5;
898;2018-03-06 10:28:24.399;user-51;19;3;5;
899;2018-03-06 10:28:55.718;user-51;21;0;8;
900;2018-03-06 10:29:26.884;user-51;18;4;8;
901;2018-03-06 10:29:55.244;user-51;17;0;9;
902;2018-03-06 10:30:16.716;user-51;0;1;3;
903;2018-03-06 10:30:44.761;user-51;9;6;3;
904;2018-03-06 10:31:16.767;user-51;6;8;1;
905;2018-03-06 10:32:17.819;user-51;11;5;9;
906;2018-03-06 10:32:40.426;user-51;23;7;0;
907;2018-03-06 10:32:55.961;user-51;13;0;8;
908;2018-03-06 10:33:06.616;user-51;25;1;6;
909;2018-03-06 10:33:37.669;user-51;14;7;1;
910;2018-03-06 10:33:50.364;user-51;24;1;9;
911;2018-03-06 10:34:03.363;user-51;11;2;8;
912;2018-03-06 10:34:25.559;user-51;21;4;2;
913;2018-03-06 10:35:07.216;user-51;0;1;2;
914;2018-03-06 10:35:40.865;user-51;14;8;1;
915;2018-03-06 10:36:03.077;user-51;14;6;1;
916;2018-03-06 10:36:16.628;user-51;2;5;9;
917;2018-03-06 10:36:57.019;user-51;8;0;9;
918;2018-03-06 10:37:08.302;user-51;16;8;2;
919;2018-03-06 10:37:29.456;user-51;15;5;3;
920;2018-03-06 10:38:01.711;user-51;16;7;3;
921;2018-03-06 10:38:06.631;user-52;14;8;7;
922;2018-03-06 10:38:08.471;user-51;10;2;8;
923;2018-03-06 10:38:22.688;user-51;17;7;5;
924;2018-03-06 10:38:33.341;user-52;17;8;7;
925;2018-03-06 10:38:39.088;user-51;8;8;7;
926;2018-03-06 10:38:55.592;user-52;25;1;9;
927;2018-03-06 10:39:00.888;user-51;3;7;5;
928;2018-03-06 10:40:12.058;user-52;13;1;3;
929;2018-03-06 10:40:36.991;user-52;6;0;9;
930;2018-03-06 10:40:55.331;user-51;25;9;4;
931;2018-03-06 10:41:09.050;user-51;5;8;1;
932;2018-03-06 10:41:18.102;user-51;23;7;9;
933;2018-03-06 10:41:25.499;user-51;25;1;5;
934;2018-03-06 10:41:29.881;user-52;19;1;6;
935;2018-03-06 10:41:32.486;user-52;28;5;2;
936;2018-03-06 10:41:37.663;user-52;9;1;5;
937;2018-03-06 10:41:38.469;user-52;5;5;2;
938;2018-03-06 10:41:39.206;user-52;9;3;0;
939;2018-03-06 10:41:40.035;user-52;15;5;8;
940;2018-03-06 10:41:40.998;user-52;16;8;1;
941;2018-03-06 10:41:49.372;user-52;16;5;9;
942;2018-03-06 10:41:50.525;user-52;26;4;5;
943;2018-03-06 10:41:51.554;user-52;28;3;0;
944;2018-03-06 10:41:57.378;user-51;7;6;1;
945;2018-03-06 10:42:05.240;user-51;26;8;4;
946;2018-03-06 10:42:09.828;user-51;19;0;3;
947;2018-03-06 10:42:26.338;user-51;6;7;6;
948;2018-03-06 10:42:32.860;user-51;27;4;6;
949;2018-03-06 10:42:50.776;user-51;22;9;7;
950;2018-03-06 10:42:58.657;user-51;23;6;4;
951;2018-03-06 10:44:13.453;user-51;29;2;5;
952;2018-03-06 10:44:16.704;user-51;18;1;9;
953;2018-03-06 10:44:23.775;user-51;21;8;5;
954;2018-03-06 10:44:33.283;user-51;5;0;8;
955;2018-03-06 10:45:12.459;user-51;12;2;7;
956;2018-03-06 10:45:24.768;user-51;0;2;1;
957;2018-03-06 10:45:49.575;user-51;4;0;1;
958;2018-03-06 10:46:39.645;user-51;22;6;5;
959;2018-03-06 10:46:41.027;user-51;23;2;1;
960;2018-03-06 10:46:52.490;user-51;0;8;2;
961;2018-03-06 10:47:06.694;user-51;27;3;7;
962;2018-03-06 10:47:33.529;user-51;0;1;8;
963;2018-03-06 10:47:47.114;user-51;18;6;7;
964;2018-03-06 10:47:55.448;user-51;24;3;9;
965;2018-03-06 10:48:07.101;user-51;12;7;3;
966;2018-03-06 10:48:32.955;user-51;19;1;3;
967;2018-03-06 10:48:41.281;user-51;27;1;9;
968;2018-03-06 10:48:47.287;user-51;10;7;4;
969;2018-03-06 10:48:51.982;user-51;27;5;0;
970;2018-03-06 10:48:54.971;user-51;18;9;5;
971;2018-03-06 10:49:03.983;user-51;22;6;0;
972;2018-03-07 07:14:27.834;user-53;21;2;3;
973;2018-03-07 07:15:21.015;user-53;28;5;1;
974;2018-03-07 07:16:01.919;user-53;17;8;1;
975;2018-03-07 07:16:40.519;user-53;26;0;5;
976;2018-03-07 07:16:42.687;user-54;28;5;7;
977;2018-03-07 07:17:14.765;user-53;25;0;9;
978;2018-03-07 07:17:21.980;user-54;9;9;6;
979;2018-03-07 07:18:11.191;user-53;23;1;3;
980;2018-03-07 07:18:18.714;user-54;28;7;0;
981;2018-03-07 07:18:46.072;user-53;6;0;6;
982;2018-03-07 07:19:04.127;user-54;15;8;0;
983;2018-03-07 07:21:03.584;user-53;27;2;3;
984;2018-03-07 07:21:22.247;user-53;2;1;4;
985;2018-03-07 07:22:35.057;user-53;27;7;5;
986;2018-03-07 07:22:47.981;user-53;11;0;2;
987;2018-03-07 07:23:03.344;user-54;13;0;1;
988;2018-03-07 07:23:11.470;user-53;0;1;8;
989;2018-03-07 07:23:15.350;user-54;26;8;2;
990;2018-03-07 07:23:52.219;user-53;19;7;6;
991;2018-03-07 07:23:52.649;user-53;4;2;5;
992;2018-03-07 07:23:55.040;user-53;2;3;4;
993;2018-03-07 07:23:57.398;user-53;25;8;0;
994;2018-03-07 07:24:10.549;user-53;12;0;5;
995;2018-03-07 07:25:23.484;user-54;25;2;5;
996;2018-03-07 07:25:27.520;user-53;13;5;3;
997;2018-03-07 07:25:31.382;user-55;12;5;9;
998;2018-03-07 07:25:36.418;user-53;0;2;8;
999;2018-03-07 07:25:39.837;user-53;19;2;5;
1000;2018-03-07 07:25:41.845;user-53;26;1;7;
1001;2018-03-07 07:25:48.392;user-56;19;2;9;
1002;2018-03-07 07:25:51.761;user-53;24;3;6;
1003;2018-03-07 07:26:03.033;user-53;25;1;3;
1004;2018-03-07 07:26:04.676;user-53;25;8;4;
1005;2018-03-07 07:26:10.413;user-54;9;2;3;
1006;2018-03-07 07:26:10.680;user-53;20;2;1;
1007;2018-03-07 07:26:15.318;user-55;28;6;7;
1008;2018-03-07 07:26:18.300;user-53;18;2;1;
1009;2018-03-07 07:26:18.775;user-56;4;5;1;
1010;2018-03-07 07:26:29.888;user-53;19;3;7;
1011;2018-03-07 07:26:31.844;user-53;22;0;4;
1012;2018-03-07 07:26:34.972;user-53;23;2;5;
1013;2018-03-07 07:26:44.781;user-56;2;2;4;
1014;2018-03-07 07:26:48.934;user-55;5;9;3;
1015;2018-03-07 07:26:51.158;user-54;6;6;8;
1016;2018-03-07 07:26:51.349;user-57;27;0;4;
1017;2018-03-07 07:27:30.536;user-55;28;8;3;
1018;2018-03-07 07:28:12.888;user-57;4;2;1;
1019;2018-03-07 07:28:22.810;user-55;25;5;3;
1020;2018-03-07 07:28:32.151;user-57;1;2;0;
1021;2018-03-07 07:28:37.373;user-55;10;1;5;
1022;2018-03-07 07:28:58.809;user-57;3;9;4;
1023;2018-03-07 07:29:03.897;user-55;5;8;0;
1024;2018-03-07 07:29:11.143;user-57;10;8;4;
1025;2018-03-07 07:29:27.380;user-55;6;4;2;
1026;2018-03-07 07:29:34.050;user-57;28;6;3;
1027;2018-03-07 07:29:47.444;user-55;28;2;0;
1028;2018-03-07 07:29:58.357;user-57;16;9;3;
1029;2018-03-07 07:30:01.632;user-55;26;6;9;
1030;2018-03-07 07:30:12.942;user-57;10;7;4;
1031;2018-03-07 07:32:15.724;user-55;13;4;7;
1032;2018-03-07 07:32:54.402;user-57;4;1;5;
1033;2018-03-07 07:33:09.533;user-57;15;7;1;
1034;2018-03-07 07:34:16.506;user-57;2;4;9;
1035;2018-03-07 07:34:20.818;user-57;10;4;9;
1036;2018-03-07 07:34:45.877;user-57;5;7;5;
1037;2018-03-07 07:35:22.408;user-57;5;7;9;
1038;2018-03-07 07:36:37.860;user-57;23;8;6;
1039;2018-03-07 07:36:48.811;user-57;27;6;1;
1040;2018-03-07 07:38:52.415;user-57;26;9;1;
1041;2018-03-07 07:38:57.552;user-57;16;8;7;
1042;2018-03-07 07:39:00.361;user-57;23;0;9;
1043;2018-03-07 07:39:03.909;user-57;28;2;9;
1044;2018-03-07 07:39:08.296;user-57;21;2;1;
1045;2018-03-07 07:39:17.793;user-57;11;5;3;
1046;2018-03-07 07:39:27.655;user-57;26;5;7;
1047;2018-03-07 07:39:38.740;user-57;25;8;6;
1048;2018-03-07 07:39:43.029;user-57;10;9;6;
1049;2018-03-07 07:39:59.226;user-57;0;8;1;
1050;2018-03-07 07:40:16.641;user-54;24;9;3;
1051;2018-03-07 07:40:18.893;user-57;27;3;0;
1052;2018-03-07 07:40:31.963;user-57;16;1;5;
1053;2018-03-07 07:40:54.333;user-54;2;8;2;
1054;2018-03-07 07:42:56.038;user-54;22;9;2;
1055;2018-03-07 07:43:22.913;user-57;8;7;8;
1056;2018-03-07 07:43:27.395;user-57;4;5;1;
1057;2018-03-07 07:43:35.519;user-57;17;1;7;
1058;2018-03-07 07:43:40.812;user-54;24;6;0;
1059;2018-03-07 07:43:43.573;user-57;22;5;4;
1060;2018-03-07 07:43:47.632;user-54;18;4;2;
1061;2018-03-07 07:43:48.810;user-57;26;4;3;
1062;2018-03-07 07:44:10.254;user-54;26;9;3;
1063;2018-03-07 07:44:19.781;user-54;16;4;9;
1064;2018-03-07 07:44:26.066;user-54;13;4;3;
1065;2018-03-07 07:44:36.620;user-57;19;6;8;
1066;2018-03-07 07:44:40.786;user-54;15;8;5;
1067;2018-03-07 07:44:41.563;user-57;25;5;7;
1068;2018-03-07 07:44:42.640;user-57;23;0;4;
1069;2018-03-07 07:44:43.683;user-57;26;2;1;
1070;2018-03-07 07:45:00.999;user-57;13;2;1;
1071;2018-03-07 07:45:15.466;user-57;28;0;9;
1072;2018-03-07 08:43:08.624;user-57;18;9;3;
1073;2018-03-07 08:43:09.320;user-57;27;2;8;
1074;2018-03-07 08:43:09.989;user-57;26;0;8;
1075;2018-03-07 08:43:10.535;user-57;0;8;2;
1076;2018-03-07 08:43:11.235;user-57;14;8;4;
1077;2018-03-07 08:43:11.613;user-57;20;0;7;
1078;2018-03-07 08:43:12.412;user-57;19;4;1;
1079;2018-03-07 08:43:12.688;user-57;4;0;5;
1080;2018-03-07 08:45:29.130;user-57;0;2;1;
1081;2018-03-07 08:45:55.059;user-57;4;2;0;
1082;2018-03-07 08:49:07.509;user-57;16;6;2;
1083;2018-03-07 08:49:09.218;user-57;0;8;1;
1084;2018-03-07 08:49:10.698;user-57;15;1;2;
1085;2018-03-07 08:49:11.936;user-57;21;1;9;
1086;2018-03-07 08:49:14.609;user-57;19;2;7;
1087;2018-03-07 08:49:17.028;user-57;23;0;5;
1088;2018-03-07 08:49:19.348;user-57;0;1;3;
1089;2018-03-07 08:49:20.945;user-57;19;8;2;
1090;2018-03-07 09:42:00.950;user-57;27;0;1;
1091;2018-03-07 09:42:05.232;user-57;3;9;5;
1092;2018-03-07 09:42:08.748;user-57;21;7;4;
1093;2018-03-07 09:42:11.868;user-57;1;8;5;
1094;2018-03-07 09:42:14.348;user-57;18;5;6;
1095;2018-03-07 09:42:16.999;user-57;20;2;5;
1096;2018-03-07 09:42:18.444;user-57;13;6;8;
1097;2018-03-07 09:42:19.111;user-57;22;7;8;
1098;2018-03-07 09:42:19.961;user-57;23;8;2;
1099;2018-03-07 09:42:20.600;user-57;3;8;3;
1100;2018-03-07 09:42:21.450;user-57;7;2;3;
1101;2018-03-07 09:42:23.711;user-57;25;7;4;
1102;2018-03-07 09:42:41.710;user-57;3;4;6;
1103;2018-03-07 09:43:00.231;user-57;16;5;0;
1104;2018-03-07 09:43:17.645;user-57;13;1;7;
1105;2018-03-07 09:43:26.520;user-57;24;6;3;
1106;2018-03-07 09:43:33.889;user-57;17;5;6;
1107;2018-03-07 09:43:40.941;user-57;9;6;3;
1108;2018-03-07 12:12:39.623;user-58;0;2;3;
1109;2018-03-07 12:13:24.985;user-58;8;0;6;69615-84724
1110;2018-03-07 12:13:53.834;user-58;18;1;3;
1111;2018-03-07 15:05:29.956;user-59;14;2;7;69856
1112;2018-03-07 15:06:12.307;user-59;0;1;8;85091-69715
1113;2018-03-07 15:06:33.813;user-59;18;0;2;69941
1114;2018-03-07 15:06:51.398;user-59;18;4;7;69620
1115;2018-03-07 15:07:07.485;user-60;14;5;8;
1116;2018-03-07 15:07:08.486;user-59;16;3;4;
1117;2018-03-07 15:07:33.506;user-59;24;9;5;
1118;2018-03-07 15:08:36.507;user-60;28;7;8;
1119;2018-03-07 15:09:13.280;user-60;1;9;2;
1120;2018-03-07 15:48:19.747;user-61;21;8;5;80410
1121;2018-03-07 18:31:00.765;user-62;4;5;2;
1122;2018-03-07 18:32:33.844;user-62;10;1;0;
1123;2018-03-07 18:32:54.099;user-62;4;2;0;
1124;2018-03-07 18:33:27.505;user-62;23;1;2;
1125;2018-03-07 18:33:39.049;user-62;26;7;1;
1126;2018-03-07 18:33:50.655;user-62;27;9;4;
1127;2018-03-07 21:40:46.430;user-63;15;7;3;
1128;2018-03-08 07:11:05.213;user-57;14;7;5;
1129;2018-03-08 07:11:06.145;user-57;16;4;8;
1130;2018-03-08 07:11:06.381;user-57;3;3;0;
1131;2018-03-08 07:11:06.554;user-57;4;5;2;
1132;2018-03-08 07:11:07.246;user-57;27;2;1;
1133;2018-03-08 07:11:07.414;user-57;23;8;2;
1134;2018-03-08 07:11:08.154;user-57;4;5;1;
1135;2018-03-08 07:11:08.327;user-57;20;2;5;
1136;2018-03-08 07:11:08.988;user-57;0;8;2;
1137;2018-03-08 07:11:09.156;user-57;13;5;7;
1138;2018-03-08 07:11:09.395;user-57;6;9;5;
1139;2018-03-08 07:11:10.003;user-57;6;8;2;
1140;2018-03-08 07:11:10.555;user-57;10;5;1;
1141;2018-03-08 07:11:11.147;user-57;17;8;1;
1142;2018-03-08 07:11:11.314;user-57;19;4;5;
1143;2018-03-08 07:11:11.466;user-57;14;6;3;
1144;2018-03-08 07:11:11.638;user-57;2;3;8;
1145;2018-03-08 07:11:12.147;user-57;15;8;1;
1146;2018-03-08 07:11:12.439;user-57;2;1;6;
1147;2018-03-08 07:11:12.586;user-57;18;1;8;
1148;2018-03-08 07:11:13.249;user-57;28;9;1;
1149;2018-03-08 07:11:13.398;user-57;16;6;3;
1150;2018-03-08 07:11:14.144;user-57;28;1;6;
1151;2018-03-08 07:11:14.805;user-57;23;1;9;
1152;2018-03-08 07:11:15.439;user-57;11;1;8;
1153;2018-03-08 07:11:15.986;user-57;28;9;6;
1154;2018-03-08 07:11:16.705;user-57;9;0;5;
1155;2018-03-08 07:11:16.868;user-57;23;4;1;
1156;2018-03-08 07:11:17.046;user-57;13;9;1;
1157;2018-03-08 07:11:17.698;user-57;0;3;8;
1158;2018-03-08 07:11:17.847;user-57;11;3;8;
1159;2018-03-08 07:11:18.031;user-57;13;0;8;
1160;2018-03-08 07:11:18.225;user-57;10;5;6;
1161;2018-03-08 07:11:18.470;user-57;17;4;2;
1162;2018-03-08 07:11:18.930;user-57;26;8;0;
1163;2018-03-08 07:11:19.834;user-57;0;3;1;
1164;2018-03-08 07:11:20.378;user-57;14;5;8;
1165;2018-03-08 07:11:21.322;user-57;18;3;0;
1166;2018-03-08 07:11:21.740;user-57;5;4;2;
1167;2018-03-08 07:11:21.916;user-57;25;8;7;
1168;2018-03-08 07:11:22.056;user-57;12;2;4;
1169;2018-03-08 07:11:22.266;user-57;15;5;2;
1170;2018-03-08 07:11:22.893;user-57;6;7;3;
1171;2018-03-08 07:11:23.041;user-57;27;7;5;
1172;2018-03-08 07:11:23.182;user-57;2;5;1;
1173;2018-03-08 07:11:23.972;user-57;6;3;5;
1174;2018-03-08 07:11:24.642;user-57;27;5;6;
1175;2018-03-08 07:11:25.216;user-57;6;2;5;
1176;2018-03-08 07:11:25.924;user-57;23;5;4;
1177;2018-03-08 07:11:27.997;user-57;18;1;9;
1178;2018-03-08 07:11:28.577;user-57;16;7;1;
1179;2018-03-08 07:11:29.131;user-57;12;8;9;
1180;2018-03-08 07:11:29.525;user-57;23;1;2;
1181;2018-03-08 07:11:29.684;user-57;0;8;3;
1182;2018-03-08 07:11:29.993;user-57;4;0;1;
1183;2018-03-08 07:11:30.815;user-57;26;0;9;
1184;2018-03-08 07:11:30.958;user-57;22;9;6;
1185;2018-03-08 07:11:31.102;user-57;15;1;0;
1186;2018-03-08 07:11:31.248;user-57;29;0;2;
1187;2018-03-08 07:11:31.381;user-57;15;1;0;
1188;2018-03-08 07:11:32.114;user-57;11;6;2;
1189;2018-03-08 07:11:32.316;user-57;24;0;1;
1190;2018-03-08 07:11:32.465;user-57;24;5;3;
1191;2018-03-08 07:11:33.500;user-57;0;8;3;
1192;2018-03-08 07:11:33.981;user-57;8;9;6;
1193;2018-03-08 07:11:34.280;user-57;10;7;0;
1194;2018-03-08 07:11:34.472;user-57;9;9;4;
1195;2018-03-08 07:11:35.061;user-57;18;3;7;
1196;2018-03-08 07:11:35.359;user-57;4;2;5;
1197;2018-03-08 07:11:35.603;user-57;21;6;0;
1198;2018-03-08 07:11:35.832;user-57;18;3;9;
1199;2018-03-08 07:11:36.510;user-57;14;6;4;
1200;2018-03-08 07:11:37.277;user-57;27;0;2;
1201;2018-03-08 07:11:37.930;user-57;9;1;2;
1202;2018-03-08 07:11:38.119;user-57;13;0;8;
1203;2018-03-08 07:11:38.310;user-57;27;9;3;
1204;2018-03-08 07:11:40.307;user-57;13;3;2;
1205;2018-03-08 07:11:48.101;user-57;13;9;8;
1206;2018-03-08 07:11:48.502;user-57;16;4;1;
1207;2018-03-08 07:11:50.083;user-57;25;9;3;
1208;2018-03-08 07:11:55.887;user-57;20;2;7;
1209;2018-03-08 07:11:56.095;user-57;28;0;1;
1210;2018-03-08 07:11:56.390;user-57;5;7;3;
1211;2018-03-08 07:11:57.132;user-57;14;1;0;
1212;2018-03-08 07:11:57.792;user-57;20;6;0;
1213;2018-03-08 07:11:58.341;user-57;6;2;1;
1214;2018-03-08 07:11:58.995;user-57;4;2;5;
1215;2018-03-08 07:11:59.656;user-57;11;4;3;
1216;2018-03-08 07:12:00.241;user-57;24;7;8;
1217;2018-03-08 07:12:00.466;user-57;10;5;7;
1218;2018-03-08 07:12:00.653;user-57;10;9;0;
1219;2018-03-08 07:12:01.497;user-57;6;8;9;
1220;2018-03-08 07:12:01.690;user-57;27;9;3;
1221;2018-03-08 07:12:01.864;user-57;25;4;3;
1222;2018-03-08 07:12:02.372;user-57;18;0;4;
1223;2018-03-08 07:12:02.629;user-57;5;3;9;
1224;2018-03-08 07:12:03.164;user-57;23;1;4;
1225;2018-03-08 07:12:03.592;user-57;23;1;5;
1226;2018-03-08 07:12:04.036;user-57;21;1;3;
1227;2018-03-08 07:12:05.114;user-57;9;7;5;
1228;2018-03-08 07:12:12.951;user-57;23;7;3;
1229;2018-03-08 07:12:16.563;user-57;3;4;5;
1230;2018-03-08 07:12:16.716;user-57;23;3;7;
1231;2018-03-08 07:12:19.497;user-57;21;0;6;
1232;2018-03-08 07:12:19.690;user-57;20;6;8;
1233;2018-03-08 07:12:20.364;user-57;27;5;9;
1234;2018-03-08 07:12:20.530;user-57;13;8;7;
1235;2018-03-08 07:12:20.696;user-57;19;2;3;
1236;2018-03-08 07:12:21.233;user-57;15;1;8;
1237;2018-03-08 07:12:21.381;user-57;11;5;3;
1238;2018-03-08 07:12:21.550;user-57;2;0;2;
1239;2018-03-08 07:12:21.910;user-57;11;0;8;
1240;2018-03-08 07:12:22.478;user-57;28;8;6;
1241;2018-03-08 07:12:23.025;user-57;17;8;9;
1242;2018-03-08 07:12:23.699;user-57;10;2;8;
1243;2018-03-08 07:12:24.074;user-57;24;7;9;
1244;2018-03-08 07:12:25.139;user-57;27;1;7;
1245;2018-03-08 07:12:25.987;user-57;14;6;3;
1246;2018-03-08 07:12:26.555;user-57;4;0;5;
1247;2018-03-08 07:12:27.072;user-57;1;1;5;
1248;2018-03-08 07:12:27.537;user-57;2;9;1;
1249;2018-03-08 07:12:28.269;user-57;20;8;3;
1250;2018-03-08 07:12:28.848;user-57;23;5;6;
1251;2018-03-08 07:12:29.455;user-57;25;3;9;
1252;2018-03-08 07:12:29.750;user-57;11;0;5;
1253;2018-03-08 07:12:29.984;user-57;12;7;5;
1254;2018-03-08 07:12:30.177;user-57;9;6;7;
1255;2018-03-08 07:12:30.699;user-57;4;5;0;
1256;2018-03-08 07:12:31.712;user-57;22;6;4;
1257;2018-03-08 07:12:32.298;user-57;16;0;6;
1258;2018-03-08 07:12:33.205;user-57;22;8;2;
1259;2018-03-08 07:12:33.811;user-57;19;1;7;
1260;2018-03-08 07:12:34.510;user-57;6;6;2;
1261;2018-03-08 07:12:35.234;user-57;14;5;2;
1262;2018-03-08 07:12:36.123;user-57;19;9;2;
1263;2018-03-08 07:12:37.298;user-57;1;1;0;
1264;2018-03-08 07:12:38.072;user-57;14;5;7;
1265;2018-03-08 07:12:38.254;user-57;6;2;7;
1266;2018-03-08 07:12:38.425;user-57;10;9;1;
1267;2018-03-08 07:12:39.419;user-57;25;7;8;
1268;2018-03-08 07:12:39.580;user-57;6;2;3;
1269;2018-03-08 07:12:40.320;user-57;13;2;0;
1270;2018-03-08 07:12:40.983;user-57;24;1;4;
1271;2018-03-08 07:12:41.692;user-57;1;7;3;
1272;2018-03-08 07:12:42.382;user-57;8;8;6;
1273;2018-03-08 07:12:43.122;user-57;18;4;1;
1274;2018-03-08 07:12:43.900;user-57;8;3;9;
1275;2018-03-08 07:12:44.074;user-57;2;3;7;
1276;2018-03-08 07:12:44.236;user-57;23;8;1;
1277;2018-03-08 07:12:44.425;user-57;13;6;4;
1278;2018-03-08 07:12:45.168;user-57;23;9;8;
1279;2018-03-08 07:12:45.360;user-57;20;3;5;
1280;2018-03-08 07:12:45.520;user-57;0;2;8;
1281;2018-03-08 07:12:45.709;user-57;14;4;7;
1282;2018-03-08 07:12:46.072;user-57;27;1;0;
1283;2018-03-08 07:12:46.619;user-57;2;6;1;
1284;2018-03-08 07:12:47.131;user-57;10;2;5;
1285;2018-03-08 07:12:47.293;user-57;22;7;9;
1286;2018-03-08 07:12:47.798;user-57;11;5;9;
1287;2018-03-08 07:12:48.418;user-57;23;4;5;
1288;2018-03-08 07:12:49.066;user-57;18;5;9;
1289;2018-03-08 07:12:49.252;user-57;2;2;9;
1290;2018-03-08 07:12:49.535;user-57;13;7;2;
1291;2018-03-08 07:12:50.141;user-57;1;6;4;
1292;2018-03-08 07:12:50.860;user-57;16;7;8;
1293;2018-03-08 07:12:51.385;user-57;23;0;6;
1294;2018-03-08 07:12:52.683;user-57;21;6;1;
1295;2018-03-08 07:12:53.217;user-57;0;1;8;
1296;2018-03-08 07:12:53.767;user-57;5;9;4;
1297;2018-03-08 07:12:54.477;user-57;19;7;2;
1298;2018-03-08 07:12:55.139;user-57;6;8;3;
1299;2018-03-08 07:12:55.662;user-57;14;1;9;
1300;2018-03-08 07:12:55.892;user-57;3;7;3;
1301;2018-03-08 07:12:56.782;user-57;23;4;3;
1302;2018-03-08 07:12:57.676;user-57;26;5;0;
1303;2018-03-08 07:12:58.413;user-57;10;8;7;
1304;2018-03-08 07:12:58.617;user-57;17;8;4;
1305;2018-03-08 07:12:59.463;user-57;3;0;5;
1306;2018-03-08 07:12:59.999;user-57;14;6;0;
1307;2018-03-08 07:13:00.750;user-57;10;2;0;
1308;2018-03-08 07:13:01.760;user-57;24;3;5;
1309;2018-03-08 07:13:02.858;user-57;8;2;9;
1310;2018-03-08 07:13:03.553;user-57;15;2;5;
1311;2018-03-08 07:13:04.248;user-57;18;1;6;
1312;2018-03-08 07:13:04.420;user-57;25;0;2;
1313;2018-03-08 07:13:05.291;user-57;19;8;5;
1314;2018-03-08 07:13:05.988;user-57;23;1;2;
1315;2018-03-08 07:13:07.238;user-57;19;0;8;
1316;2018-03-08 07:13:07.979;user-57;4;0;5;
1317;2018-03-08 07:13:08.946;user-57;8;4;2;
1318;2018-03-08 07:13:12.958;user-57;18;4;6;
1319;2018-03-08 07:13:13.574;user-57;14;4;7;
1320;2018-03-08 07:13:13.810;user-57;10;8;5;
1321;2018-03-08 07:13:14.674;user-57;24;6;3;
1322;2018-03-08 07:13:15.336;user-57;27;7;9;
1323;2018-03-08 07:13:15.993;user-57;3;7;9;
1324;2018-03-08 07:13:16.699;user-57;24;2;5;
1325;2018-03-08 07:13:17.462;user-57;27;3;0;
1326;2018-03-08 07:13:17.630;user-57;3;8;0;
1327;2018-03-08 07:13:17.797;user-57;9;0;4;
1328;2018-03-08 07:13:18.387;user-57;24;2;1;
1329;2018-03-08 07:13:19.095;user-57;25;4;5;
1330;2018-03-08 07:13:19.732;user-57;3;0;8;
1331;2018-03-08 07:13:42.161;user-57;27;2;9;
1332;2018-03-08 07:13:42.377;user-57;2;8;7;
1333;2018-03-08 07:13:43.548;user-57;4;2;1;
1334;2018-03-08 07:13:43.744;user-57;17;4;3;
1335;2018-03-08 07:13:44.539;user-57;17;5;6;
1336;2018-03-08 07:13:45.118;user-57;10;0;2;
1337;2018-03-08 07:13:45.760;user-57;11;1;6;
1338;2018-03-08 07:13:45.951;user-57;26;4;5;
1339;2018-03-08 07:13:46.200;user-57;2;7;8;
1340;2018-03-08 07:13:46.367;user-57;21;2;8;
1341;2018-03-08 07:13:46.512;user-57;21;9;4;
1342;2018-03-08 07:13:46.703;user-57;5;6;2;
1343;2018-03-08 07:13:46.861;user-57;17;2;4;
1344;2018-03-08 07:13:47.448;user-57;18;9;0;
1345;2018-03-08 07:13:47.626;user-57;27;8;1;
1346;2018-03-08 07:13:48.414;user-57;7;3;1;
1347;2018-03-08 07:13:49.378;user-57;8;0;9;
1348;2018-03-08 07:13:49.796;user-57;4;5;0;
1349;2018-03-08 07:13:50.460;user-57;27;5;2;
1350;2018-03-08 07:13:51.627;user-57;13;6;4;
1351;2018-03-08 07:13:52.310;user-57;1;2;5;
1352;2018-03-08 07:13:52.855;user-57;19;5;2;
1353;2018-03-08 07:13:53.247;user-57;5;8;1;
1354;2018-03-08 07:13:53.417;user-57;14;1;5;
1355;2018-03-08 07:13:54.072;user-57;27;3;6;
1356;2018-03-08 07:13:54.993;user-57;16;9;2;
1357;2018-03-08 07:13:55.549;user-57;7;1;3;
1358;2018-03-08 07:13:56.178;user-57;11;9;5;
1359;2018-03-08 07:13:56.325;user-57;11;4;2;
1360;2018-03-08 07:13:57.047;user-57;24;2;4;
1361;2018-03-08 07:13:57.316;user-57;8;1;2;
1362;2018-03-08 07:13:57.512;user-57;15;0;3;
1363;2018-03-08 07:13:59.187;user-57;8;6;9;
1364;2018-03-08 07:13:59.806;user-57;11;6;1;
1365;2018-03-08 07:14:00.392;user-57;18;2;1;
1366;2018-03-08 07:14:00.688;user-57;1;1;0;
1367;2018-03-08 07:14:00.883;user-57;4;1;0;
1368;2018-03-08 07:14:01.043;user-57;18;5;9;
1369;2018-03-08 07:14:01.256;user-57;18;8;4;
1370;2018-03-08 07:14:01.472;user-57;18;5;4;
1371;2018-03-08 07:14:02.335;user-57;18;4;5;
1372;2018-03-08 07:14:02.530;user-57;5;0;6;
1373;2018-03-08 07:14:02.688;user-57;18;2;7;
1374;2018-03-08 07:14:03.403;user-57;23;7;6;
1375;2018-03-08 07:14:04.009;user-57;28;5;0;
1376;2018-03-08 07:14:04.636;user-57;25;2;6;
1377;2018-03-08 07:14:05.178;user-57;26;6;1;
1378;2018-03-08 07:14:05.375;user-57;15;0;7;
1379;2018-03-08 07:14:05.814;user-57;21;3;9;
1380;2018-03-08 07:14:06.439;user-57;25;3;1;
1381;2018-03-08 07:14:06.604;user-57;2;4;6;
1382;2018-03-08 07:14:06.767;user-57;9;4;7;
1383;2018-03-08 07:14:07.453;user-57;11;9;3;
1384;2018-03-08 07:14:07.636;user-57;6;8;1;
1385;2018-03-08 07:14:07.933;user-57;21;7;3;
1386;2018-03-08 07:14:08.154;user-57;3;1;5;
1387;2018-03-08 07:14:17.167;user-57;23;9;8;
1388;2018-03-08 07:14:21.445;user-57;14;2;8;
1389;2018-03-08 07:14:22.131;user-57;26;0;3;
1390;2018-03-08 07:14:22.766;user-57;28;6;3;
1391;2018-03-08 07:14:23.393;user-57;10;4;9;
1392;2018-03-08 07:14:24.048;user-57;6;4;0;
1393;2018-03-08 07:14:24.525;user-57;27;2;4;
1394;2018-03-08 07:14:24.715;user-57;21;8;0;
1395;2018-03-08 07:14:24.885;user-57;3;9;0;
1396;2018-03-08 07:14:25.581;user-57;17;2;1;
1397;2018-03-08 07:14:26.363;user-57;9;8;7;
1398;2018-03-08 07:14:26.608;user-57;25;2;5;
1399;2018-03-08 07:14:27.123;user-57;16;0;2;
1400;2018-03-08 07:14:27.732;user-57;15;1;7;
1401;2018-03-08 07:14:27.922;user-57;22;5;1;
1402;2018-03-08 07:14:28.094;user-57;29;7;1;
1403;2018-03-08 07:14:28.273;user-57;10;3;0;
1404;2018-03-08 07:14:28.436;user-57;6;5;3;
1405;2018-03-08 07:14:28.601;user-57;26;1;9;
1406;2018-03-08 07:14:29.216;user-57;11;5;0;
1407;2018-03-08 07:14:29.378;user-57;14;3;6;
1408;2018-03-08 07:14:29.958;user-57;18;2;9;
1409;2018-03-08 07:14:30.460;user-57;13;4;7;
1410;2018-03-08 07:14:31.057;user-57;23;2;7;
1411;2018-03-08 07:14:31.666;user-57;18;8;7;
1412;2018-03-08 07:14:32.443;user-57;18;6;2;
1413;2018-03-08 07:14:33.051;user-57;13;1;7;
1414;2018-03-08 07:14:33.850;user-57;21;3;9;
1415;2018-03-08 07:14:34.843;user-57;13;7;6;
1416;2018-03-08 07:14:44.090;user-57;23;6;7;
1417;2018-03-08 07:14:44.974;user-57;13;4;3;
1418;2018-03-08 07:14:45.594;user-57;4;2;1;
1419;2018-03-08 07:14:47.092;user-57;25;3;8;
1420;2018-03-08 07:14:48.390;user-57;20;6;8;
1421;2018-03-08 07:14:49.115;user-57;27;8;0;
1422;2018-03-08 07:14:49.319;user-57;19;1;0;
1423;2018-03-08 07:14:49.501;user-57;20;6;5;
1424;2018-03-08 07:14:49.661;user-57;2;1;9;
1425;2018-03-08 07:14:50.291;user-57;14;0;2;
1426;2018-03-08 07:14:50.464;user-57;26;4;0;
1427;2018-03-08 07:14:50.649;user-57;13;7;9;
1428;2018-03-08 07:14:51.407;user-57;9;3;2;
1429;2018-03-08 07:14:52.062;user-57;10;5;7;
1430;2018-03-08 07:14:53.337;user-57;19;2;6;
1431;2018-03-08 07:14:53.522;user-57;5;0;9;
1432;2018-03-08 07:14:53.692;user-57;0;1;3;
1433;2018-03-08 07:14:53.914;user-57;2;3;4;
1434;2018-03-08 07:15:08.064;user-57;17;3;1;
1435;2018-03-08 07:15:08.266;user-57;13;1;8;
1436;2018-03-08 07:15:08.905;user-57;27;4;8;
1437;2018-03-08 07:15:09.098;user-57;9;8;7;
1438;2018-03-08 07:15:09.257;user-57;22;1;0;
1439;2018-03-08 07:15:09.415;user-57;4;1;0;
1440;2018-03-08 07:15:10.126;user-57;9;6;1;
1441;2018-03-08 07:15:10.700;user-57;18;7;9;
1442;2018-03-08 07:15:11.331;user-57;28;5;8;
1443;2018-03-08 07:15:11.525;user-57;18;8;2;
1444;2018-03-08 07:15:11.673;user-57;22;7;2;
1445;2018-03-08 07:15:11.911;user-57;25;9;2;
1446;2018-03-08 07:15:12.075;user-57;24;0;7;
1447;2018-03-08 07:15:12.312;user-57;20;3;2;
1448;2018-03-08 07:15:12.515;user-57;3;2;0;
1449;2018-03-08 07:15:12.708;user-57;28;7;6;
1450;2018-03-08 07:15:12.875;user-57;19;6;3;
1451;2018-03-08 07:15:13.150;user-57;9;8;1;
1452;2018-03-08 07:15:13.685;user-57;4;5;2;
1453;2018-03-08 07:15:13.858;user-57;6;9;4;
1454;2018-03-08 07:15:14.046;user-57;4;5;2;
1455;2018-03-08 07:15:14.279;user-57;28;2;3;
1456;2018-03-08 07:15:14.598;user-57;16;6;3;
1457;2018-03-08 07:15:15.144;user-57;13;2;5;
1458;2018-03-08 07:15:15.409;user-57;10;2;4;
1459;2018-03-08 07:15:16.014;user-57;27;4;8;
1460;2018-03-08 07:15:16.397;user-57;13;6;9;
1461;2018-03-08 07:15:16.861;user-57;6;7;8;
1462;2018-03-08 07:15:17.338;user-57;10;2;6;
1463;2018-03-08 07:15:17.948;user-57;25;7;4;
1464;2018-03-08 07:15:18.179;user-57;10;3;6;
1465;2018-03-08 07:15:18.370;user-57;23;9;3;
1466;2018-03-08 07:15:18.928;user-57;20;3;4;
1467;2018-03-08 07:15:19.110;user-57;22;6;7;
1468;2018-03-08 07:15:19.249;user-57;29;2;5;
1469;2018-03-08 07:15:19.720;user-57;0;2;8;
1470;2018-03-08 07:15:20.353;user-57;10;3;5;
1471;2018-03-08 07:15:20.807;user-57;15;2;6;
1472;2018-03-08 07:15:21.391;user-57;6;4;2;
1473;2018-03-08 07:15:22.306;user-57;18;2;3;
1474;2018-03-08 07:15:22.843;user-57;24;8;3;
1475;2018-03-08 07:15:23.365;user-57;17;4;0;
1476;2018-03-08 07:15:23.926;user-57;26;9;0;
1477;2018-03-08 07:15:24.090;user-57;10;7;3;
1478;2018-03-08 07:15:24.278;user-57;9;0;6;
1479;2018-03-08 07:15:24.714;user-57;9;2;8;
1480;2018-03-08 07:15:24.946;user-57;12;8;6;
1481;2018-03-08 07:15:25.534;user-57;26;7;0;
1482;2018-03-08 07:15:25.707;user-57;24;0;6;
1483;2018-03-08 07:15:26.347;user-57;25;7;1;
1484;2018-03-08 07:15:26.529;user-57;1;9;3;
1485;2018-03-08 07:15:26.709;user-57;1;1;2;
1486;2018-03-08 07:15:26.875;user-57;11;3;6;
1487;2018-03-08 07:15:27.127;user-57;17;9;1;
1488;2018-03-08 07:15:27.845;user-57;11;4;9;
1489;2018-03-08 07:15:28.062;user-57;20;7;9;
1490;2018-03-08 07:15:28.293;user-57;8;5;8;
1491;2018-03-08 07:15:28.478;user-57;20;0;9;
1492;2018-03-08 07:15:28.697;user-57;9;4;1;
1493;2018-03-08 07:15:28.878;user-57;16;6;2;
1494;2018-03-08 07:15:29.532;user-57;11;2;6;
1495;2018-03-08 07:15:29.708;user-57;5;2;8;
1496;2018-03-08 07:15:29.931;user-57;13;2;4;
1497;2018-03-08 07:15:30.103;user-57;13;7;8;
1498;2018-03-08 07:15:30.325;user-57;25;4;2;
1499;2018-03-08 07:15:30.501;user-57;26;5;7;
1500;2018-03-08 07:15:30.755;user-57;23;0;9;
1501;2018-03-08 07:15:30.933;user-57;14;2;1;
1502;2018-03-08 07:15:31.128;user-57;15;7;1;
1503;2018-03-08 07:15:31.332;user-57;16;4;5;
1504;2018-03-08 07:15:31.495;user-57;27;3;9;
1505;2018-03-08 07:15:32.277;user-57;6;7;9;
1506;2018-03-08 07:15:32.492;user-57;8;4;3;
1507;2018-03-08 07:15:32.701;user-57;11;9;5;
1508;2018-03-08 07:15:32.909;user-57;9;0;5;
1509;2018-03-08 07:15:33.998;user-57;9;9;3;
1510;2018-03-08 07:15:34.174;user-57;24;4;5;
1511;2018-03-08 07:15:34.357;user-57;29;1;7;
1512;2018-03-08 07:15:35.275;user-57;2;6;4;
1513;2018-03-08 07:15:35.460;user-57;3;3;6;
1514;2018-03-08 07:15:35.617;user-57;25;2;3;
1515;2018-03-08 07:15:35.790;user-57;9;5;7;
1516;2018-03-08 07:15:36.019;user-57;16;6;3;
1517;2018-03-08 07:15:36.540;user-57;13;7;3;
1518;2018-03-08 07:15:36.721;user-57;11;7;2;
1519;2018-03-08 07:15:36.887;user-57;26;8;5;
1520;2018-03-08 07:15:37.073;user-57;28;8;6;
1521;2018-03-08 07:15:37.482;user-57;2;5;6;
1522;2018-03-08 07:15:38.467;user-57;10;4;3;
1523;2018-03-08 07:15:39.088;user-57;13;8;5;
1524;2018-03-08 07:15:39.855;user-57;26;7;8;
1525;2018-03-08 07:15:41.138;user-57;0;2;8;
1526;2018-03-08 07:15:41.458;user-57;10;9;8;
1527;2018-03-08 07:15:41.666;user-57;6;9;8;
1528;2018-03-08 07:15:42.048;user-57;26;4;7;
1529;2018-03-08 07:15:42.282;user-57;24;5;1;
1530;2018-03-08 07:15:42.750;user-57;22;6;2;
1531;2018-03-08 07:15:43.865;user-57;10;0;2;
1532;2018-03-08 07:15:44.059;user-57;28;1;9;
1533;2018-03-08 07:15:44.478;user-57;5;2;6;
1534;2018-03-08 07:15:44.822;user-57;13;0;1;
1535;2018-03-08 07:15:45.063;user-57;5;5;3;
1536;2018-03-08 07:15:45.730;user-57;6;4;1;
1537;2018-03-08 07:15:49.226;user-57;3;4;2;
1538;2018-03-08 07:15:49.403;user-57;8;1;7;
1539;2018-03-08 07:15:49.556;user-57;22;8;5;
1540;2018-03-08 07:15:49.718;user-57;29;1;6;
1541;2018-03-08 07:15:49.928;user-57;16;5;1;
1542;2018-03-08 07:15:50.910;user-57;13;5;6;
1543;2018-03-08 07:15:51.593;user-57;4;1;5;
1544;2018-03-08 07:15:51.809;user-57;20;2;4;
1545;2018-03-08 07:15:52.386;user-57;2;1;7;
1546;2018-03-08 07:15:52.651;user-57;13;7;4;
1547;2018-03-08 07:15:52.870;user-57;5;2;5;
1548;2018-03-08 07:15:53.381;user-57;26;6;3;
1549;2018-03-08 07:15:53.628;user-57;9;4;9;
1550;2018-03-08 07:15:53.877;user-57;23;9;4;
1551;2018-03-08 07:15:54.360;user-57;13;4;9;
1552;2018-03-08 07:15:54.582;user-57;28;0;6;
1553;2018-03-08 07:15:54.758;user-57;27;1;6;
1554;2018-03-08 07:15:54.932;user-57;14;3;1;
1555;2018-03-08 07:15:55.135;user-57;1;0;8;
1556;2018-03-08 07:15:55.348;user-57;22;9;2;
1557;2018-03-08 07:15:56.126;user-57;23;5;1;
1558;2018-03-08 07:15:56.314;user-57;22;2;0;
1559;2018-03-08 07:15:56.465;user-57;14;6;5;
1560;2018-03-08 07:15:57.020;user-57;0;8;2;
1561;2018-03-08 07:15:57.460;user-57;9;9;3;
1562;2018-03-08 07:15:57.977;user-57;15;0;3;
1563;2018-03-08 07:15:58.628;user-57;7;9;0;
1564;2018-03-08 07:15:59.313;user-57;18;5;9;
1565;2018-03-08 07:16:00.111;user-57;15;5;1;
1566;2018-03-08 07:16:00.297;user-57;2;5;7;
1567;2018-03-08 07:16:00.485;user-57;23;0;5;
1568;2018-03-08 07:16:00.697;user-57;15;6;2;
1569;2018-03-08 07:16:00.917;user-57;28;1;9;
1570;2018-03-08 07:16:01.084;user-57;28;9;2;
1571;2018-03-08 07:16:01.346;user-57;15;0;6;
1572;2018-03-08 07:16:01.861;user-57;29;4;6;
1573;2018-03-08 07:16:02.033;user-57;22;1;4;
1574;2018-03-08 07:16:02.213;user-57;1;6;1;
1575;2018-03-08 07:16:02.422;user-57;14;3;6;
1576;2018-03-08 07:16:02.639;user-57;25;1;3;
1577;2018-03-08 07:16:03.457;user-57;2;1;5;
1578;2018-03-08 07:16:03.736;user-57;8;2;3;
1579;2018-03-08 07:16:04.220;user-57;16;8;0;
1580;2018-03-08 07:16:04.465;user-57;14;3;1;
1581;2018-03-08 07:16:06.633;user-57;24;7;0;
1582;2018-03-08 07:16:06.876;user-57;17;8;1;
1583;2018-03-08 07:16:07.058;user-57;25;8;4;
1584;2018-03-08 07:16:07.253;user-57;21;1;4;
1585;2018-03-08 07:16:07.822;user-57;15;8;0;
1586;2018-03-08 07:16:07.995;user-57;27;3;6;
1587;2018-03-08 07:16:08.164;user-57;25;5;3;
1588;2018-03-08 07:16:08.329;user-57;6;1;0;
1589;2018-03-08 07:16:08.563;user-57;4;5;1;
1590;2018-03-08 07:16:09.166;user-57;16;8;7;
1591;2018-03-08 07:16:09.333;user-57;23;5;4;
1592;2018-03-08 07:16:09.520;user-57;10;4;3;
1593;2018-03-08 07:16:09.689;user-57;23;3;9;
1594;2018-03-08 07:16:09.893;user-57;28;5;6;
1595;2018-03-08 07:16:10.076;user-57;19;2;9;
1596;2018-03-08 07:16:10.888;user-57;5;9;1;
1597;2018-03-08 07:16:11.047;user-57;9;2;5;
1598;2018-03-08 07:16:11.218;user-57;29;3;4;
1599;2018-03-08 07:16:11.372;user-57;13;3;1;
1600;2018-03-08 07:16:11.628;user-57;19;7;5;
1601;2018-03-08 07:16:11.897;user-57;16;7;6;
1602;2018-03-08 07:16:12.447;user-57;24;6;1;
1603;2018-03-08 07:16:12.651;user-57;15;2;5;
1604;2018-03-08 07:16:12.822;user-57;0;8;1;
1605;2018-03-08 07:16:13.039;user-57;6;3;7;
1606;2018-03-08 07:16:13.274;user-57;8;2;9;
1607;2018-03-08 07:16:13.481;user-57;7;2;5;
1608;2018-03-08 07:16:13.772;user-57;17;2;6;
1609;2018-03-08 07:16:14.147;user-57;6;6;0;
1610;2018-03-08 07:16:14.362;user-57;0;2;8;
1611;2018-03-08 07:16:14.977;user-57;25;0;9;
1612;2018-03-08 07:16:15.200;user-57;4;0;2;
1613;2018-03-08 07:16:15.398;user-57;12;4;2;
1614;2018-03-08 07:16:16.034;user-57;2;6;3;
1615;2018-03-08 07:16:16.244;user-57;24;8;9;
1616;2018-03-08 07:16:16.793;user-57;9;7;8;
1617;2018-03-08 07:16:17.629;user-57;1;5;6;
1618;2018-03-08 07:16:17.866;user-57;0;2;3;
1619;2018-03-08 07:16:18.245;user-57;17;8;5;
1620;2018-03-08 07:16:18.850;user-57;21;6;0;
1621;2018-03-08 07:16:19.402;user-57;27;3;8;
1622;2018-03-08 07:16:20.733;user-57;6;6;2;
1623;2018-03-08 07:16:21.234;user-57;0;8;1;
1624;2018-03-08 07:16:22.347;user-57;26;7;5;
1625;2018-03-08 07:16:22.806;user-57;20;2;8;
1626;2018-03-08 07:16:24.170;user-57;18;6;0;
1627;2018-03-08 07:16:24.437;user-57;13;0;5;
1628;2018-03-08 07:16:25.427;user-57;23;8;6;
1629;2018-03-08 07:16:25.853;user-57;2;0;4;
1630;2018-03-08 07:16:26.535;user-57;4;2;5;
1631;2018-03-08 07:16:27.254;user-57;8;0;7;
1632;2018-03-08 07:16:27.875;user-57;11;4;3;
1633;2018-03-08 07:16:28.427;user-57;23;7;6;
1634;2018-03-08 07:16:28.968;user-57;18;0;7;
1635;2018-03-08 07:16:30.327;user-57;27;7;2;
1636;2018-03-08 07:16:31.054;user-57;15;7;3;
1637;2018-03-08 07:16:31.852;user-57;20;6;0;
1638;2018-03-08 07:16:32.242;user-57;27;4;1;
1639;2018-03-08 07:16:32.917;user-57;23;3;7;
1640;2018-03-08 07:16:33.465;user-57;20;1;8;
1641;2018-03-08 07:16:34.012;user-57;19;7;9;
1642;2018-03-08 07:16:34.630;user-57;9;1;4;
1643;2018-03-08 07:16:35.134;user-57;17;7;0;
1644;2018-03-08 07:16:35.673;user-57;25;8;4;
1645;2018-03-08 07:16:36.350;user-57;6;1;8;
1646;2018-03-08 07:16:36.927;user-57;1;3;6;
1647;2018-03-08 07:16:37.470;user-57;24;5;3;
1648;2018-03-08 07:16:38.019;user-57;17;4;9;
1649;2018-03-08 07:16:39.064;user-57;26;6;4;
1650;2018-03-08 07:52:45.973;user-64;24;8;3;
1651;2018-03-08 07:54:37.572;user-64;24;7;9;69933
1652;2018-03-08 07:55:28.656;user-64;4;2;0;83866
1653;2018-03-08 07:56:56.965;user-64;24;1;5;
1654;2018-03-08 07:58:19.253;user-64;20;9;2;
1655;2018-03-08 07:59:18.605;user-64;10;6;4;
1656;2018-03-08 07:59:54.616;user-64;16;6;2;
1657;2018-03-08 08:00:18.912;user-64;28;9;6;
1658;2018-03-08 08:00:50.885;user-64;15;3;5;
1659;2018-03-08 08:01:14.269;user-64;2;9;0;
1660;2018-03-08 08:01:36.369;user-64;1;4;9;
1661;2018-03-08 08:02:21.886;user-64;17;8;3;
1662;2018-03-08 08:03:52.275;user-64;19;6;9;
1663;2018-03-12 06:57:47.322;user-65;2;7;9;
1664;2018-03-12 06:58:11.124;user-65;11;1;5;
1665;2018-03-12 06:58:51.852;user-65;11;0;4;69622
1666;2018-03-12 06:59:18.292;user-65;16;7;9;
1667;2018-03-12 06:59:39.186;user-65;20;5;8;
1668;2018-03-12 06:59:57.389;user-65;24;4;2;
1669;2018-03-12 07:00:48.282;user-65;4;5;1;69337
1670;2018-03-12 07:01:11.183;user-65;19;1;2;
1671;2018-03-12 07:01:38.413;user-65;13;7;0;69929-69638
1672;2018-03-12 07:01:53.551;user-65;6;7;5;
1673;2018-03-12 07:02:26.577;user-65;5;4;7;
1674;2018-03-12 07:02:39.838;user-65;1;1;8;77504
1675;2018-03-12 07:04:09.755;user-65;3;8;0;84499-85983
1676;2018-03-12 07:04:38.721;user-65;21;2;5;69337
1677;2018-03-12 07:50:41.764;user-66;5;2;9;82995
1678;2018-03-12 07:50:49.866;user-66;20;8;4;
1679;2018-03-12 11:37:02.289;user-67;0;1;3;69715
1680;2018-03-12 14:19:39.857;user-68;14;2;9;
1681;2018-03-12 18:43:22.969;user-69;28;1;3;
1682;2018-03-12 18:44:06.811;user-69;17;6;9;
1683;2018-03-12 18:44:59.423;user-69;18;5;6;
1684;2018-03-12 18:45:44.237;user-69;18;3;0;
1685;2018-03-12 18:47:02.603;user-69;10;5;3;
1686;2018-03-12 18:47:23.518;user-69;1;4;3;
1687;2018-03-12 18:48:08.335;user-69;9;9;1;
1688;2018-03-12 18:48:19.713;user-69;16;8;2;
1689;2018-03-12 18:48:38.215;user-69;28;8;3;
1690;2018-03-12 18:51:47.223;user-69;8;4;2;72121
1691;2018-03-12 18:52:43.863;user-69;1;3;7;
1692;2018-03-12 18:53:44.251;user-69;19;6;4;82795
1693;2018-03-12 18:54:39.276;user-69;3;6;4;84085
1694;2018-03-12 18:56:01.487;user-69;13;3;9;
1695;2018-03-12 18:56:53.201;user-69;3;9;1;
1696;2018-03-13 09:47:06.712;user-70;18;6;3;
1697;2018-03-13 09:47:42.229;user-70;14;7;0;
1698;2018-03-13 09:48:40.765;user-70;5;4;0;
1699;2018-03-13 09:48:59.637;user-70;2;9;8;
1700;2018-03-13 09:49:24.148;user-70;17;5;0;
1701;2018-03-13 09:50:03.434;user-70;15;5;3;
1702;2018-03-13 09:50:41.910;user-70;26;2;6;
1703;2018-03-13 09:51:02.453;user-70;16;0;2;
1704;2018-03-13 09:51:40.238;user-70;20;0;4;
